CH04,CH06,CH10,CH12,ESTADO,CAT_OCUP,CAT_INAC,PP3E_TOT,PP3F_TOT,PP03G,PONDERA,NIVEL_ED,IPCF,ITF,REGION,ano4
2.0,74.0,2.0,2.0,3.0,0.0,1.0,,,,885.0,1.0,208000.0,208000.0,43.0,2024
2.0,43.0,2.0,7.0,1.0,2.0,0.0,40.0,0.0,2.0,1441.0,6.0,0.0,0.0,43.0,2024
1.0,45.0,2.0,7.0,1.0,3.0,0.0,40.0,0.0,2.0,1441.0,6.0,0.0,0.0,43.0,2024
2.0,14.0,1.0,4.0,3.0,0.0,3.0,,,,1441.0,3.0,0.0,0.0,43.0,2024
2.0,12.0,1.0,4.0,3.0,0.0,3.0,,,,1441.0,3.0,0.0,0.0,43.0,2024
1.0,7.0,1.0,2.0,4.0,0.0,3.0,,,,1441.0,1.0,0.0,0.0,43.0,2024
1.0,67.0,2.0,2.0,3.0,0.0,1.0,,,,472.0,1.0,133750.0,535000.0,43.0,2024
2.0,64.0,2.0,2.0,3.0,0.0,4.0,,,,472.0,2.0,133750.0,535000.0,43.0,2024
1.0,28.0,2.0,4.0,1.0,2.0,0.0,40.0,0.0,2.0,472.0,3.0,133750.0,535000.0,43.0,2024
2.0,26.0,2.0,4.0,2.0,3.0,0.0,,,,472.0,4.0,133750.0,535000.0,43.0,2024
2.0,56.0,2.0,7.0,3.0,0.0,4.0,,,,640.0,5.0,15000.0,30000.0,43.0,2024
1.0,57.0,2.0,4.0,1.0,2.0,0.0,4.0,0.0,1.0,640.0,3.0,15000.0,30000.0,43.0,2024
2.0,41.0,2.0,4.0,1.0,3.0,0.0,54.0,0.0,2.0,542.0,3.0,0.0,0.0,43.0,2024
1.0,22.0,2.0,4.0,1.0,3.0,0.0,20.0,0.0,2.0,542.0,4.0,0.0,0.0,43.0,2024
2.0,17.0,1.0,4.0,3.0,0.0,3.0,,,,542.0,3.0,0.0,0.0,43.0,2024
2.0,14.0,1.0,4.0,3.0,0.0,3.0,,,,542.0,3.0,0.0,0.0,43.0,2024
2.0,15.0,1.0,4.0,3.0,0.0,3.0,,,,542.0,3.0,0.0,0.0,43.0,2024
2.0,4.0,1.0,1.0,4.0,0.0,5.0,,,,542.0,7.0,0.0,0.0,43.0,2024
1.0,17.0,1.0,4.0,1.0,2.0,0.0,40.0,0.0,2.0,542.0,3.0,0.0,0.0,43.0,2024
1.0,60.0,2.0,7.0,1.0,2.0,0.0,48.0,0.0,2.0,880.0,6.0,0.0,0.0,43.0,2024
2.0,52.0,2.0,7.0,1.0,3.0,0.0,36.0,0.0,2.0,880.0,6.0,0.0,0.0,43.0,2024
2.0,25.0,2.0,7.0,1.0,3.0,0.0,40.0,0.0,2.0,880.0,6.0,0.0,0.0,43.0,2024
1.0,17.0,2.0,2.0,3.0,0.0,7.0,,,,880.0,1.0,0.0,0.0,43.0,2024
1.0,65.0,2.0,4.0,1.0,3.0,0.0,24.0,0.0,1.0,673.0,4.0,0.0,0.0,43.0,2024
1.0,15.0,1.0,4.0,3.0,0.0,3.0,,,,673.0,3.0,0.0,0.0,43.0,2024
1.0,14.0,1.0,4.0,3.0,0.0,3.0,,,,673.0,3.0,0.0,0.0,43.0,2024
1.0,10.0,1.0,2.0,3.0,0.0,3.0,,,,673.0,1.0,0.0,0.0,43.0,2024
1.0,49.0,2.0,4.0,1.0,3.0,0.0,38.0,0.0,2.0,361.0,4.0,0.0,0.0,43.0,2024
2.0,33.0,2.0,4.0,1.0,3.0,0.0,84.0,0.0,2.0,361.0,4.0,0.0,0.0,43.0,2024
2.0,54.0,2.0,6.0,1.0,2.0,0.0,28.0,0.0,2.0,346.0,6.0,243333.33,730000.0,43.0,2024
2.0,20.0,1.0,7.0,1.0,3.0,0.0,54.0,0.0,2.0,346.0,5.0,243333.33,730000.0,43.0,2024
2.0,18.0,1.0,7.0,1.0,3.0,0.0,30.0,0.0,2.0,346.0,5.0,243333.33,730000.0,43.0,2024
2.0,45.0,2.0,7.0,1.0,3.0,0.0,30.0,0.0,1.0,297.0,6.0,360000.0,1080000.0,43.0,2024
2.0,18.0,1.0,6.0,1.0,3.0,0.0,8.0,0.0,2.0,297.0,5.0,360000.0,1080000.0,43.0,2024
2.0,16.0,1.0,4.0,3.0,0.0,3.0,,,,297.0,3.0,360000.0,1080000.0,43.0,2024
2.0,49.0,2.0,6.0,1.0,3.0,0.0,20.0,0.0,2.0,466.0,6.0,275000.0,550000.0,43.0,2024
2.0,83.0,2.0,4.0,3.0,0.0,1.0,,,,466.0,4.0,275000.0,550000.0,43.0,2024
1.0,76.0,2.0,4.0,1.0,2.0,0.0,15.0,0.0,2.0,735.0,4.0,240000.0,240000.0,43.0,2024
2.0,74.0,2.0,6.0,3.0,0.0,1.0,,,,1413.0,6.0,300000.0,300000.0,43.0,2024
2.0,77.0,2.0,4.0,3.0,0.0,1.0,,,,903.0,4.0,250000.0,500000.0,43.0,2024
1.0,79.0,2.0,4.0,3.0,0.0,1.0,,,,903.0,4.0,250000.0,500000.0,43.0,2024
1.0,29.0,2.0,7.0,1.0,3.0,0.0,40.0,12.0,2.0,834.0,6.0,0.0,0.0,43.0,2024
2.0,29.0,2.0,7.0,1.0,2.0,0.0,40.0,0.0,2.0,834.0,6.0,0.0,0.0,43.0,2024
1.0,57.0,2.0,4.0,1.0,2.0,0.0,70.0,0.0,2.0,477.0,3.0,0.0,0.0,43.0,2024
2.0,53.0,2.0,4.0,3.0,0.0,4.0,,,,477.0,3.0,0.0,0.0,43.0,2024
1.0,18.0,2.0,4.0,3.0,0.0,7.0,,,,477.0,4.0,0.0,0.0,43.0,2024
1.0,40.0,2.0,4.0,1.0,2.0,0.0,40.0,0.0,2.0,573.0,4.0,275000.0,550000.0,43.0,2024
2.0,30.0,2.0,6.0,1.0,2.0,0.0,30.0,0.0,1.0,573.0,6.0,275000.0,550000.0,43.0,2024
1.0,63.0,2.0,6.0,1.0,3.0,0.0,51.0,0.0,2.0,580.0,6.0,0.0,0.0,43.0,2024
2.0,50.0,2.0,4.0,1.0,3.0,0.0,56.0,0.0,2.0,580.0,3.0,0.0,0.0,43.0,2024
1.0,18.0,1.0,4.0,1.0,3.0,0.0,48.0,0.0,2.0,580.0,3.0,0.0,0.0,43.0,2024
1.0,50.0,2.0,4.0,1.0,1.0,0.0,84.0,0.0,2.0,486.0,3.0,333333.33,1000000.0,43.0,2024
2.0,51.0,2.0,6.0,1.0,1.0,0.0,15.0,0.0,2.0,486.0,6.0,333333.33,1000000.0,43.0,2024
1.0,15.0,1.0,4.0,3.0,0.0,3.0,,,,486.0,3.0,333333.33,1000000.0,43.0,2024
2.0,25.0,2.0,4.0,3.0,0.0,4.0,,,,537.0,3.0,0.0,0.0,43.0,2024
2.0,31.0,2.0,2.0,1.0,3.0,0.0,9.0,0.0,1.0,537.0,2.0,0.0,0.0,43.0,2024
2.0,4.0,3.0,0.0,4.0,0.0,5.0,,,,537.0,7.0,0.0,0.0,43.0,2024
1.0,7.0,1.0,2.0,4.0,0.0,3.0,,,,537.0,1.0,0.0,0.0,43.0,2024
2.0,10.0,1.0,2.0,3.0,0.0,3.0,,,,537.0,1.0,0.0,0.0,43.0,2024
2.0,32.0,2.0,4.0,1.0,3.0,0.0,25.0,0.0,2.0,537.0,4.0,0.0,0.0,43.0,2024
1.0,61.0,2.0,2.0,1.0,2.0,0.0,49.0,0.0,2.0,476.0,2.0,133333.33,400000.0,43.0,2024
2.0,58.0,2.0,4.0,3.0,0.0,4.0,,,,476.0,4.0,133333.33,400000.0,43.0,2024
1.0,20.0,2.0,4.0,3.0,0.0,7.0,,,,476.0,4.0,133333.33,400000.0,43.0,2024
2.0,36.0,2.0,4.0,1.0,3.0,0.0,60.0,0.0,2.0,1095.0,4.0,270000.0,540000.0,43.0,2024
2.0,10.0,1.0,2.0,3.0,0.0,3.0,,,,1095.0,1.0,270000.0,540000.0,43.0,2024
1.0,39.0,2.0,2.0,1.0,3.0,0.0,44.0,0.0,2.0,682.0,2.0,157333.33,472000.0,43.0,2024
2.0,28.0,1.0,7.0,3.0,0.0,3.0,,,,682.0,5.0,157333.33,472000.0,43.0,2024
2.0,-1.0,0.0,0.0,4.0,0.0,5.0,,,,682.0,7.0,157333.33,472000.0,43.0,2024
1.0,47.0,2.0,2.0,1.0,3.0,0.0,60.0,0.0,2.0,604.0,2.0,400000.0,400000.0,43.0,2024
2.0,33.0,2.0,4.0,3.0,0.0,4.0,,,,935.0,3.0,250000.0,1000000.0,43.0,2024
2.0,7.0,1.0,2.0,4.0,0.0,3.0,,,,935.0,1.0,250000.0,1000000.0,43.0,2024
1.0,8.0,1.0,2.0,4.0,0.0,3.0,,,,935.0,1.0,250000.0,1000000.0,43.0,2024
2.0,34.0,2.0,7.0,1.0,2.0,0.0,30.0,0.0,2.0,574.0,5.0,0.0,0.0,43.0,2024
1.0,42.0,2.0,7.0,1.0,2.0,0.0,20.0,0.0,1.0,574.0,5.0,0.0,0.0,43.0,2024
1.0,9.0,1.0,2.0,4.0,0.0,3.0,,,,574.0,1.0,0.0,0.0,43.0,2024
2.0,5.0,1.0,2.0,4.0,0.0,5.0,,,,574.0,1.0,0.0,0.0,43.0,2024
2.0,31.0,2.0,4.0,2.0,3.0,0.0,,,,716.0,3.0,94500.0,378000.0,43.0,2024
1.0,31.0,2.0,4.0,1.0,3.0,0.0,40.0,0.0,1.0,716.0,4.0,94500.0,378000.0,43.0,2024
1.0,9.0,1.0,2.0,4.0,0.0,3.0,,,,716.0,1.0,94500.0,378000.0,43.0,2024
2.0,2.0,3.0,0.0,4.0,0.0,5.0,,,,716.0,7.0,94500.0,378000.0,43.0,2024
2.0,2.0,3.0,0.0,4.0,0.0,5.0,,,,935.0,7.0,250000.0,1000000.0,43.0,2024
1.0,37.0,2.0,6.0,1.0,3.0,0.0,40.0,0.0,2.0,869.0,6.0,145000.0,580000.0,43.0,2024
2.0,36.0,2.0,4.0,1.0,3.0,0.0,24.0,0.0,2.0,869.0,4.0,145000.0,580000.0,43.0,2024
1.0,14.0,1.0,4.0,3.0,0.0,3.0,,,,869.0,3.0,145000.0,580000.0,43.0,2024
2.0,5.0,1.0,1.0,4.0,0.0,5.0,,,,869.0,7.0,145000.0,580000.0,43.0,2024
1.0,82.0,2.0,2.0,3.0,0.0,1.0,,,,672.0,1.0,0.0,0.0,43.0,2024
1.0,43.0,2.0,4.0,1.0,3.0,0.0,45.0,0.0,2.0,672.0,4.0,0.0,0.0,43.0,2024
2.0,40.0,2.0,4.0,1.0,2.0,0.0,15.0,0.0,1.0,672.0,3.0,0.0,0.0,43.0,2024
1.0,21.0,2.0,4.0,1.0,3.0,0.0,42.0,0.0,2.0,672.0,4.0,0.0,0.0,43.0,2024
1.0,36.0,2.0,4.0,1.0,3.0,0.0,40.0,0.0,2.0,782.0,3.0,96000.0,480000.0,43.0,2024
2.0,31.0,2.0,4.0,1.0,3.0,0.0,36.0,0.0,2.0,782.0,3.0,96000.0,480000.0,43.0,2024
1.0,8.0,1.0,2.0,4.0,0.0,3.0,,,,782.0,1.0,96000.0,480000.0,43.0,2024
2.0,3.0,1.0,1.0,4.0,0.0,5.0,,,,782.0,7.0,96000.0,480000.0,43.0,2024
2.0,57.0,2.0,2.0,1.0,3.0,0.0,36.0,0.0,2.0,782.0,2.0,96000.0,480000.0,43.0,2024
2.0,33.0,2.0,4.0,1.0,3.0,0.0,22.0,0.0,1.0,683.0,4.0,0.0,0.0,43.0,2024
2.0,11.0,1.0,4.0,3.0,0.0,3.0,,,,683.0,3.0,0.0,0.0,43.0,2024
1.0,55.0,2.0,4.0,1.0,3.0,0.0,36.0,0.0,2.0,612.0,4.0,0.0,0.0,43.0,2024
2.0,50.0,2.0,2.0,3.0,0.0,4.0,,,,612.0,2.0,0.0,0.0,43.0,2024
1.0,30.0,1.0,6.0,1.0,3.0,0.0,36.0,0.0,2.0,612.0,5.0,0.0,0.0,43.0,2024
2.0,21.0,1.0,6.0,1.0,3.0,0.0,24.0,0.0,2.0,612.0,5.0,0.0,0.0,43.0,2024
2.0,23.0,2.0,2.0,3.0,0.0,4.0,,,,549.0,2.0,0.0,0.0,43.0,2024
1.0,5.0,1.0,1.0,4.0,0.0,5.0,,,,549.0,7.0,0.0,0.0,43.0,2024
1.0,25.0,2.0,4.0,1.0,3.0,0.0,50.0,0.0,2.0,549.0,3.0,0.0,0.0,43.0,2024
1.0,21.0,2.0,4.0,1.0,2.0,0.0,35.0,0.0,1.0,549.0,3.0,0.0,0.0,43.0,2024
2.0,78.0,2.0,2.0,3.0,0.0,4.0,,,,378.0,2.0,126250.0,505000.0,43.0,2024
2.0,45.0,2.0,4.0,1.0,3.0,0.0,40.0,9.0,2.0,378.0,4.0,126250.0,505000.0,43.0,2024
1.0,21.0,2.0,4.0,3.0,0.0,4.0,,,,378.0,4.0,126250.0,505000.0,43.0,2024
2.0,19.0,2.0,4.0,3.0,0.0,4.0,,,,378.0,4.0,126250.0,505000.0,43.0,2024
2.0,26.0,2.0,6.0,1.0,3.0,0.0,48.0,0.0,2.0,824.0,5.0,0.0,0.0,43.0,2024
1.0,26.0,2.0,4.0,1.0,3.0,0.0,72.0,0.0,2.0,824.0,4.0,0.0,0.0,43.0,2024
2.0,74.0,2.0,2.0,3.0,0.0,1.0,,,,566.0,2.0,160000.0,320000.0,43.0,2024
1.0,75.0,2.0,2.0,3.0,0.0,1.0,,,,566.0,2.0,160000.0,320000.0,43.0,2024
2.0,47.0,2.0,7.0,1.0,3.0,0.0,35.0,0.0,2.0,510.0,6.0,162500.0,650000.0,43.0,2024
1.0,45.0,2.0,4.0,1.0,3.0,0.0,40.0,0.0,2.0,510.0,4.0,162500.0,650000.0,43.0,2024
1.0,14.0,1.0,4.0,3.0,0.0,3.0,,,,510.0,3.0,162500.0,650000.0,43.0,2024
2.0,17.0,1.0,4.0,3.0,0.0,3.0,,,,510.0,3.0,162500.0,650000.0,43.0,2024
2.0,58.0,2.0,6.0,1.0,3.0,0.0,25.0,20.0,2.0,535.0,6.0,0.0,0.0,43.0,2024
2.0,67.0,1.0,7.0,1.0,3.0,0.0,8.0,0.0,2.0,629.0,5.0,0.0,0.0,43.0,2024
2.0,39.0,2.0,7.0,1.0,3.0,0.0,30.0,0.0,2.0,629.0,5.0,0.0,0.0,43.0,2024
1.0,32.0,2.0,4.0,1.0,3.0,0.0,40.0,0.0,2.0,847.0,4.0,0.0,0.0,43.0,2024
2.0,32.0,1.0,4.0,3.0,0.0,3.0,,,,847.0,3.0,0.0,0.0,43.0,2024
2.0,9.0,1.0,2.0,4.0,0.0,3.0,,,,847.0,1.0,0.0,0.0,43.0,2024
2.0,6.0,1.0,2.0,4.0,0.0,3.0,,,,847.0,1.0,0.0,0.0,43.0,2024
1.0,51.0,2.0,7.0,1.0,1.0,0.0,72.0,0.0,2.0,678.0,6.0,0.0,0.0,43.0,2024
2.0,53.0,2.0,6.0,3.0,0.0,6.0,,,,678.0,6.0,0.0,0.0,43.0,2024
1.0,38.0,2.0,6.0,1.0,2.0,0.0,40.0,0.0,2.0,1371.0,6.0,0.0,0.0,43.0,2024
2.0,43.0,2.0,6.0,1.0,2.0,0.0,20.0,0.0,1.0,1371.0,6.0,0.0,0.0,43.0,2024
2.0,6.0,1.0,2.0,4.0,0.0,3.0,,,,1371.0,1.0,0.0,0.0,43.0,2024
1.0,87.0,2.0,2.0,3.0,0.0,1.0,,,,740.0,2.0,300000.0,300000.0,43.0,2024
2.0,55.0,2.0,4.0,2.0,3.0,0.0,,,,523.0,3.0,130000.0,260000.0,43.0,2024
1.0,60.0,2.0,2.0,1.0,3.0,0.0,48.0,0.0,2.0,523.0,1.0,130000.0,260000.0,43.0,2024
2.0,65.0,2.0,4.0,3.0,0.0,1.0,,,,852.0,4.0,0.0,0.0,43.0,2024
1.0,32.0,2.0,6.0,1.0,1.0,0.0,54.0,0.0,2.0,852.0,5.0,0.0,0.0,43.0,2024
1.0,25.0,2.0,6.0,1.0,3.0,0.0,48.0,0.0,2.0,852.0,5.0,0.0,0.0,43.0,2024
1.0,47.0,2.0,4.0,1.0,3.0,0.0,30.0,0.0,1.0,921.0,4.0,280000.0,1400000.0,43.0,2024
2.0,44.0,2.0,7.0,1.0,3.0,0.0,20.0,20.0,1.0,921.0,6.0,280000.0,1400000.0,43.0,2024
1.0,9.0,1.0,2.0,4.0,0.0,3.0,,,,921.0,1.0,280000.0,1400000.0,43.0,2024
1.0,7.0,1.0,2.0,4.0,0.0,3.0,,,,921.0,1.0,280000.0,1400000.0,43.0,2024
2.0,3.0,1.0,1.0,4.0,0.0,5.0,,,,921.0,7.0,280000.0,1400000.0,43.0,2024
2.0,74.0,2.0,7.0,3.0,0.0,1.0,,,,1081.0,6.0,200000.0,200000.0,43.0,2024
1.0,81.0,2.0,2.0,3.0,0.0,1.0,,,,901.0,2.0,180000.0,360000.0,43.0,2024
2.0,84.0,2.0,4.0,3.0,0.0,4.0,,,,901.0,4.0,180000.0,360000.0,43.0,2024
2.0,75.0,2.0,6.0,3.0,0.0,1.0,,,,861.0,6.0,0.0,0.0,43.0,2024
1.0,19.0,1.0,7.0,3.0,0.0,3.0,,,,861.0,5.0,0.0,0.0,43.0,2024
1.0,24.0,2.0,4.0,1.0,3.0,0.0,74.0,0.0,2.0,506.0,3.0,0.0,0.0,43.0,2024
1.0,59.0,2.0,2.0,1.0,3.0,0.0,56.0,0.0,2.0,506.0,1.0,0.0,0.0,43.0,2024
2.0,60.0,2.0,2.0,3.0,0.0,1.0,,,,374.0,1.0,220000.0,440000.0,43.0,2024
2.0,63.0,2.0,2.0,3.0,0.0,1.0,,,,374.0,1.0,220000.0,440000.0,43.0,2024
2.0,32.0,2.0,4.0,3.0,0.0,4.0,,,,523.0,4.0,0.0,0.0,43.0,2024
1.0,36.0,2.0,2.0,1.0,1.0,0.0,60.0,0.0,2.0,523.0,2.0,0.0,0.0,43.0,2024
1.0,3.0,1.0,1.0,4.0,0.0,5.0,,,,523.0,7.0,0.0,0.0,43.0,2024
2.0,1.0,0.0,0.0,4.0,0.0,5.0,,,,523.0,7.0,0.0,0.0,43.0,2024
2.0,17.0,1.0,4.0,1.0,3.0,0.0,6.0,0.0,2.0,523.0,3.0,0.0,0.0,43.0,2024
1.0,20.0,2.0,2.0,1.0,3.0,0.0,60.0,0.0,2.0,523.0,2.0,0.0,0.0,43.0,2024
1.0,25.0,2.0,4.0,1.0,3.0,0.0,36.0,0.0,2.0,430.0,4.0,0.0,0.0,43.0,2024
2.0,58.0,2.0,7.0,3.0,0.0,1.0,,,,430.0,6.0,0.0,0.0,43.0,2024
1.0,62.0,2.0,2.0,1.0,2.0,0.0,36.0,0.0,2.0,430.0,2.0,0.0,0.0,43.0,2024
2.0,22.0,1.0,7.0,1.0,3.0,0.0,25.0,0.0,2.0,430.0,5.0,0.0,0.0,43.0,2024
1.0,31.0,2.0,6.0,1.0,2.0,0.0,48.0,0.0,2.0,592.0,6.0,0.0,0.0,43.0,2024
2.0,60.0,2.0,4.0,3.0,0.0,4.0,,,,592.0,3.0,0.0,0.0,43.0,2024
1.0,63.0,2.0,2.0,1.0,2.0,0.0,24.0,0.0,1.0,592.0,2.0,0.0,0.0,43.0,2024
1.0,16.0,1.0,4.0,3.0,0.0,3.0,,,,592.0,3.0,0.0,0.0,43.0,2024
2.0,33.0,2.0,5.0,1.0,3.0,0.0,28.0,0.0,1.0,656.0,3.0,43333.33,130000.0,43.0,2024
2.0,15.0,1.0,4.0,3.0,0.0,3.0,,,,656.0,3.0,43333.33,130000.0,43.0,2024
2.0,42.0,2.0,2.0,1.0,2.0,0.0,35.0,0.0,2.0,605.0,1.0,258333.33,775000.0,43.0,2024
2.0,52.0,2.0,2.0,1.0,2.0,0.0,3.0,0.0,1.0,464.0,2.0,0.0,0.0,43.0,2024
2.0,24.0,1.0,7.0,3.0,0.0,3.0,,,,464.0,5.0,0.0,0.0,43.0,2024
1.0,17.0,1.0,7.0,3.0,0.0,3.0,,,,464.0,5.0,0.0,0.0,43.0,2024
1.0,65.0,2.0,4.0,3.0,0.0,1.0,,,,891.0,4.0,163333.33,490000.0,43.0,2024
2.0,68.0,2.0,4.0,3.0,0.0,4.0,,,,891.0,4.0,163333.33,490000.0,43.0,2024
1.0,36.0,2.0,2.0,3.0,0.0,6.0,,,,891.0,1.0,163333.33,490000.0,43.0,2024
1.0,44.0,2.0,6.0,1.0,3.0,0.0,40.0,60.0,2.0,1053.0,6.0,0.0,0.0,43.0,2024
2.0,82.0,2.0,2.0,3.0,0.0,1.0,,,,1053.0,1.0,0.0,0.0,43.0,2024
1.0,12.0,1.0,4.0,3.0,0.0,3.0,,,,656.0,3.0,43333.33,130000.0,43.0,2024
1.0,51.0,2.0,4.0,1.0,2.0,0.0,84.0,0.0,2.0,605.0,3.0,258333.33,775000.0,43.0,2024
1.0,14.0,1.0,4.0,3.0,0.0,3.0,,,,605.0,3.0,258333.33,775000.0,43.0,2024
1.0,60.0,2.0,3.0,1.0,3.0,0.0,18.0,0.0,2.0,627.0,2.0,0.0,0.0,43.0,2024
2.0,60.0,2.0,3.0,3.0,0.0,4.0,,,,627.0,2.0,0.0,0.0,43.0,2024
1.0,20.0,1.0,7.0,3.0,0.0,3.0,,,,627.0,5.0,0.0,0.0,43.0,2024
2.0,88.0,2.0,2.0,3.0,0.0,1.0,,,,777.0,2.0,260000.0,260000.0,43.0,2024
1.0,67.0,2.0,2.0,3.0,0.0,1.0,,,,491.0,2.0,120000.0,240000.0,43.0,2024
2.0,61.0,2.0,2.0,3.0,0.0,4.0,,,,491.0,2.0,120000.0,240000.0,43.0,2024
2.0,38.0,2.0,2.0,1.0,3.0,0.0,48.0,0.0,2.0,488.0,2.0,295000.0,590000.0,43.0,2024
1.0,40.0,2.0,2.0,1.0,3.0,0.0,48.0,0.0,2.0,488.0,2.0,295000.0,590000.0,43.0,2024
1.0,43.0,2.0,4.0,1.0,2.0,0.0,72.0,0.0,2.0,703.0,4.0,0.0,0.0,43.0,2024
2.0,39.0,2.0,4.0,2.0,3.0,0.0,,,,703.0,4.0,0.0,0.0,43.0,2024
2.0,15.0,1.0,4.0,3.0,0.0,3.0,,,,703.0,3.0,0.0,0.0,43.0,2024
2.0,13.0,1.0,4.0,3.0,0.0,3.0,,,,703.0,3.0,0.0,0.0,43.0,2024
1.0,10.0,1.0,2.0,3.0,0.0,3.0,,,,703.0,1.0,0.0,0.0,43.0,2024
1.0,8.0,1.0,2.0,4.0,0.0,3.0,,,,703.0,1.0,0.0,0.0,43.0,2024
2.0,5.0,1.0,1.0,4.0,0.0,5.0,,,,703.0,7.0,0.0,0.0,43.0,2024
2.0,21.0,2.0,2.0,1.0,3.0,0.0,30.0,0.0,2.0,563.0,1.0,83333.33,250000.0,43.0,2024
1.0,23.0,2.0,4.0,3.0,0.0,4.0,,,,563.0,3.0,83333.33,250000.0,43.0,2024
1.0,4.0,1.0,1.0,4.0,0.0,5.0,,,,563.0,7.0,83333.33,250000.0,43.0,2024
2.0,27.0,1.0,6.0,1.0,3.0,0.0,24.0,0.0,2.0,334.0,5.0,0.0,0.0,43.0,2024
1.0,27.0,2.0,4.0,1.0,2.0,0.0,40.0,0.0,2.0,334.0,4.0,0.0,0.0,43.0,2024
2.0,52.0,2.0,4.0,1.0,3.0,0.0,15.0,0.0,2.0,359.0,3.0,0.0,0.0,43.0,2024
1.0,49.0,2.0,7.0,1.0,3.0,0.0,50.0,0.0,2.0,359.0,6.0,0.0,0.0,43.0,2024
2.0,20.0,1.0,6.0,1.0,3.0,0.0,12.0,0.0,2.0,359.0,5.0,0.0,0.0,43.0,2024
2.0,38.0,2.0,7.0,1.0,3.0,0.0,40.0,0.0,2.0,440.0,5.0,0.0,0.0,43.0,2024
2.0,16.0,1.0,4.0,3.0,0.0,3.0,,,,440.0,3.0,0.0,0.0,43.0,2024
2.0,40.0,2.0,7.0,1.0,3.0,0.0,55.0,0.0,2.0,440.0,6.0,0.0,0.0,43.0,2024
2.0,72.0,2.0,2.0,3.0,0.0,1.0,,,,1059.0,2.0,107000.0,107000.0,43.0,2024
1.0,54.0,2.0,2.0,1.0,3.0,0.0,48.0,0.0,2.0,495.0,2.0,190000.0,380000.0,43.0,2024
1.0,15.0,1.0,4.0,3.0,0.0,3.0,,,,495.0,3.0,190000.0,380000.0,43.0,2024
1.0,72.0,2.0,2.0,3.0,0.0,1.0,,,,1142.0,2.0,0.0,0.0,43.0,2024
1.0,46.0,2.0,9.0,3.0,0.0,6.0,,,,1142.0,1.0,0.0,0.0,43.0,2024
2.0,17.0,2.0,4.0,3.0,0.0,1.0,,,,1142.0,4.0,0.0,0.0,43.0,2024
2.0,16.0,1.0,4.0,3.0,0.0,1.0,,,,1142.0,3.0,0.0,0.0,43.0,2024
1.0,34.0,2.0,4.0,3.0,0.0,4.0,,,,855.0,4.0,40000.0,40000.0,43.0,2024
1.0,61.0,2.0,2.0,1.0,3.0,0.0,35.0,0.0,2.0,718.0,2.0,0.0,0.0,43.0,2024
2.0,50.0,2.0,4.0,1.0,2.0,0.0,36.0,0.0,1.0,718.0,3.0,0.0,0.0,43.0,2024
1.0,30.0,2.0,4.0,2.0,3.0,0.0,,,,718.0,4.0,0.0,0.0,43.0,2024
1.0,20.0,2.0,4.0,3.0,0.0,7.0,,,,718.0,4.0,0.0,0.0,43.0,2024
2.0,42.0,2.0,7.0,1.0,3.0,0.0,36.0,0.0,2.0,890.0,6.0,126666.67,380000.0,43.0,2024
2.0,12.0,1.0,4.0,3.0,0.0,3.0,,,,890.0,3.0,126666.67,380000.0,43.0,2024
2.0,9.0,1.0,2.0,4.0,0.0,3.0,,,,890.0,1.0,126666.67,380000.0,43.0,2024
2.0,11.0,1.0,2.0,3.0,0.0,3.0,,,,556.0,1.0,116666.67,350000.0,43.0,2024
1.0,68.0,2.0,2.0,3.0,0.0,4.0,,,,595.0,2.0,0.0,0.0,43.0,2024
2.0,62.0,2.0,2.0,3.0,0.0,4.0,,,,595.0,1.0,0.0,0.0,43.0,2024
2.0,22.0,2.0,6.0,1.0,3.0,0.0,48.0,0.0,2.0,595.0,5.0,0.0,0.0,43.0,2024
1.0,46.0,2.0,2.0,1.0,3.0,0.0,30.0,0.0,1.0,619.0,2.0,0.0,0.0,43.0,2024
2.0,43.0,2.0,4.0,1.0,3.0,0.0,30.0,0.0,1.0,619.0,3.0,0.0,0.0,43.0,2024
2.0,23.0,2.0,6.0,1.0,3.0,0.0,48.0,0.0,2.0,619.0,6.0,0.0,0.0,43.0,2024
1.0,23.0,2.0,4.0,1.0,3.0,0.0,30.0,0.0,1.0,619.0,3.0,0.0,0.0,43.0,2024
1.0,16.0,1.0,4.0,3.0,0.0,3.0,,,,619.0,3.0,0.0,0.0,43.0,2024
2.0,41.0,2.0,2.0,1.0,3.0,0.0,48.0,0.0,2.0,691.0,2.0,0.0,0.0,43.0,2024
1.0,73.0,2.0,2.0,3.0,0.0,1.0,,,,691.0,2.0,0.0,0.0,43.0,2024
1.0,42.0,2.0,4.0,2.0,3.0,0.0,,,,691.0,3.0,0.0,0.0,43.0,2024
1.0,18.0,1.0,4.0,2.0,0.0,0.0,,,,691.0,3.0,0.0,0.0,43.0,2024
1.0,14.0,1.0,4.0,3.0,0.0,3.0,,,,691.0,3.0,0.0,0.0,43.0,2024
2.0,4.0,1.0,1.0,4.0,0.0,5.0,,,,691.0,7.0,0.0,0.0,43.0,2024
1.0,35.0,2.0,4.0,1.0,2.0,0.0,48.0,0.0,1.0,706.0,3.0,0.0,0.0,43.0,2024
2.0,36.0,2.0,2.0,3.0,0.0,4.0,,,,706.0,2.0,0.0,0.0,43.0,2024
1.0,18.0,2.0,4.0,1.0,4.0,0.0,24.0,0.0,2.0,706.0,3.0,0.0,0.0,43.0,2024
1.0,11.0,1.0,2.0,3.0,0.0,3.0,,,,706.0,1.0,0.0,0.0,43.0,2024
1.0,3.0,3.0,0.0,4.0,0.0,5.0,,,,706.0,7.0,0.0,0.0,43.0,2024
2.0,45.0,2.0,6.0,1.0,3.0,0.0,48.0,0.0,2.0,1102.0,6.0,0.0,0.0,43.0,2024
1.0,48.0,2.0,4.0,1.0,2.0,0.0,54.0,0.0,2.0,1102.0,4.0,0.0,0.0,43.0,2024
1.0,17.0,1.0,4.0,3.0,0.0,3.0,,,,1102.0,3.0,0.0,0.0,43.0,2024
2.0,52.0,2.0,4.0,1.0,2.0,0.0,15.0,0.0,2.0,1102.0,3.0,0.0,0.0,43.0,2024
2.0,62.0,2.0,4.0,1.0,3.0,0.0,35.0,0.0,2.0,366.0,4.0,0.0,0.0,43.0,2024
1.0,28.0,2.0,6.0,1.0,3.0,0.0,15.0,9.0,1.0,366.0,5.0,0.0,0.0,43.0,2024
2.0,26.0,2.0,4.0,1.0,3.0,0.0,24.0,0.0,1.0,249.0,3.0,287500.0,287500.0,43.0,2024
1.0,46.0,2.0,4.0,1.0,3.0,0.0,30.0,0.0,2.0,630.0,4.0,0.0,0.0,43.0,2024
2.0,48.0,2.0,6.0,1.0,3.0,0.0,30.0,0.0,2.0,630.0,6.0,0.0,0.0,43.0,2024
1.0,21.0,1.0,6.0,1.0,2.0,0.0,15.0,10.0,1.0,630.0,5.0,0.0,0.0,43.0,2024
1.0,18.0,1.0,7.0,1.0,3.0,0.0,30.0,12.0,1.0,630.0,5.0,0.0,0.0,43.0,2024
1.0,59.0,2.0,2.0,1.0,2.0,0.0,26.0,0.0,1.0,798.0,2.0,0.0,0.0,43.0,2024
2.0,61.0,2.0,4.0,1.0,3.0,0.0,24.0,0.0,2.0,426.0,4.0,0.0,0.0,43.0,2024
2.0,27.0,2.0,7.0,3.0,0.0,4.0,,,,426.0,6.0,0.0,0.0,43.0,2024
1.0,37.0,2.0,6.0,1.0,1.0,0.0,44.0,0.0,2.0,653.0,6.0,150000.0,600000.0,43.0,2024
2.0,33.0,2.0,7.0,3.0,0.0,4.0,,,,653.0,5.0,150000.0,600000.0,43.0,2024
2.0,5.0,1.0,2.0,4.0,0.0,5.0,,,,653.0,1.0,150000.0,600000.0,43.0,2024
1.0,9.0,1.0,2.0,4.0,0.0,3.0,,,,653.0,1.0,150000.0,600000.0,43.0,2024
2.0,44.0,2.0,6.0,1.0,3.0,0.0,36.0,0.0,2.0,519.0,6.0,230000.0,690000.0,43.0,2024
1.0,13.0,1.0,4.0,3.0,0.0,3.0,,,,519.0,3.0,230000.0,690000.0,43.0,2024
2.0,48.0,2.0,6.0,1.0,2.0,0.0,40.0,0.0,2.0,519.0,5.0,230000.0,690000.0,43.0,2024
1.0,54.0,2.0,6.0,1.0,3.0,0.0,40.0,0.0,2.0,601.0,5.0,900000.0,900000.0,43.0,2024
1.0,60.0,2.0,4.0,1.0,2.0,0.0,39.0,0.0,2.0,308.0,3.0,0.0,0.0,43.0,2024
2.0,49.0,2.0,4.0,3.0,0.0,4.0,,,,308.0,4.0,0.0,0.0,43.0,2024
1.0,31.0,2.0,7.0,1.0,3.0,0.0,52.0,0.0,2.0,308.0,5.0,0.0,0.0,43.0,2024
1.0,27.0,2.0,7.0,1.0,3.0,0.0,48.0,0.0,2.0,308.0,5.0,0.0,0.0,43.0,2024
1.0,30.0,2.0,4.0,1.0,3.0,0.0,72.0,0.0,1.0,366.0,4.0,2250000.0,2250000.0,43.0,2024
2.0,42.0,2.0,2.0,3.0,0.0,4.0,,,,487.0,2.0,105000.0,420000.0,43.0,2024
2.0,18.0,2.0,4.0,3.0,0.0,4.0,,,,487.0,4.0,105000.0,420000.0,43.0,2024
1.0,23.0,2.0,4.0,1.0,3.0,0.0,40.0,0.0,2.0,487.0,3.0,105000.0,420000.0,43.0,2024
1.0,41.0,2.0,4.0,1.0,2.0,0.0,10.0,0.0,1.0,487.0,4.0,105000.0,420000.0,43.0,2024
2.0,82.0,2.0,6.0,3.0,0.0,1.0,,,,1259.0,6.0,136000.0,136000.0,43.0,2024
2.0,30.0,2.0,4.0,3.0,0.0,4.0,,,,1072.0,4.0,133333.33,400000.0,43.0,2024
1.0,34.0,2.0,4.0,1.0,3.0,0.0,56.0,0.0,2.0,1072.0,3.0,133333.33,400000.0,43.0,2024
1.0,9.0,1.0,2.0,4.0,0.0,3.0,,,,1072.0,1.0,133333.33,400000.0,43.0,2024
1.0,46.0,2.0,6.0,1.0,3.0,0.0,42.0,0.0,2.0,1071.0,6.0,700000.0,700000.0,43.0,2024
2.0,37.0,2.0,4.0,1.0,2.0,0.0,28.0,0.0,2.0,656.0,4.0,0.0,0.0,43.0,2024
1.0,49.0,2.0,4.0,1.0,3.0,0.0,40.0,0.0,2.0,656.0,4.0,0.0,0.0,43.0,2024
1.0,8.0,1.0,2.0,4.0,0.0,3.0,,,,656.0,1.0,0.0,0.0,43.0,2024
1.0,4.0,1.0,1.0,4.0,0.0,5.0,,,,656.0,7.0,0.0,0.0,43.0,2024
2.0,18.0,1.0,7.0,3.0,0.0,3.0,,,,656.0,5.0,0.0,0.0,43.0,2024
2.0,17.0,1.0,4.0,3.0,0.0,3.0,,,,656.0,3.0,0.0,0.0,43.0,2024
2.0,66.0,2.0,6.0,3.0,0.0,1.0,,,,472.0,6.0,0.0,0.0,43.0,2024
2.0,42.0,2.0,6.0,1.0,3.0,0.0,20.0,0.0,2.0,472.0,6.0,0.0,0.0,43.0,2024
1.0,47.0,2.0,7.0,1.0,3.0,0.0,40.0,0.0,2.0,472.0,6.0,0.0,0.0,43.0,2024
1.0,78.0,2.0,4.0,3.0,0.0,1.0,,,,979.0,4.0,165000.0,330000.0,43.0,2024
2.0,81.0,2.0,2.0,3.0,0.0,4.0,,,,979.0,2.0,165000.0,330000.0,43.0,2024
1.0,35.0,2.0,6.0,1.0,3.0,0.0,54.0,0.0,2.0,458.0,6.0,0.0,0.0,43.0,2024
2.0,33.0,2.0,4.0,1.0,3.0,0.0,20.0,0.0,2.0,458.0,4.0,0.0,0.0,43.0,2024
2.0,2.0,3.0,0.0,4.0,0.0,5.0,,,,458.0,7.0,0.0,0.0,43.0,2024
2.0,35.0,2.0,7.0,1.0,2.0,0.0,24.0,0.0,2.0,516.0,5.0,92000.0,368000.0,43.0,2024
1.0,35.0,2.0,4.0,1.0,2.0,0.0,50.0,0.0,2.0,516.0,3.0,92000.0,368000.0,43.0,2024
1.0,3.0,3.0,0.0,4.0,0.0,5.0,,,,516.0,7.0,92000.0,368000.0,43.0,2024
2.0,5.0,1.0,1.0,4.0,0.0,5.0,,,,516.0,7.0,92000.0,368000.0,43.0,2024
2.0,35.0,2.0,4.0,1.0,3.0,0.0,24.0,0.0,1.0,281.0,3.0,0.0,0.0,43.0,2024
2.0,17.0,2.0,4.0,1.0,2.0,0.0,36.0,0.0,1.0,281.0,3.0,0.0,0.0,43.0,2024
1.0,15.0,1.0,4.0,3.0,0.0,3.0,,,,1441.0,3.0,0.0,0.0,43.0,2024
2.0,1.0,0.0,0.0,4.0,0.0,5.0,,,,1441.0,7.0,0.0,0.0,43.0,2024
2.0,37.0,2.0,6.0,1.0,2.0,0.0,36.0,0.0,2.0,1441.0,5.0,0.0,0.0,43.0,2024
1.0,40.0,2.0,4.0,1.0,3.0,0.0,48.0,0.0,2.0,1441.0,4.0,0.0,0.0,43.0,2024
2.0,55.0,2.0,2.0,3.0,0.0,4.0,,,,442.0,1.0,0.0,0.0,43.0,2024
1.0,81.0,2.0,7.0,3.0,0.0,1.0,,,,442.0,6.0,0.0,0.0,43.0,2024
1.0,47.0,2.0,7.0,1.0,3.0,0.0,48.0,0.0,2.0,362.0,6.0,0.0,0.0,43.0,2024
1.0,46.0,2.0,4.0,1.0,3.0,0.0,24.0,0.0,1.0,556.0,4.0,116666.67,350000.0,43.0,2024
2.0,39.0,2.0,4.0,2.0,3.0,0.0,,,,556.0,3.0,116666.67,350000.0,43.0,2024
1.0,55.0,2.0,4.0,1.0,2.0,0.0,48.0,0.0,2.0,643.0,4.0,0.0,0.0,43.0,2024
2.0,54.0,2.0,7.0,1.0,3.0,0.0,20.0,0.0,2.0,643.0,5.0,0.0,0.0,43.0,2024
2.0,56.0,2.0,4.0,1.0,3.0,0.0,30.0,0.0,2.0,630.0,4.0,0.0,0.0,43.0,2024
1.0,20.0,1.0,6.0,1.0,3.0,0.0,36.0,0.0,2.0,630.0,5.0,0.0,0.0,43.0,2024
2.0,33.0,2.0,4.0,2.0,3.0,0.0,,,,591.0,4.0,0.0,0.0,43.0,2024
1.0,12.0,1.0,4.0,3.0,0.0,3.0,,,,591.0,3.0,0.0,0.0,43.0,2024
2.0,5.0,1.0,2.0,4.0,0.0,5.0,,,,591.0,1.0,0.0,0.0,43.0,2024
2.0,68.0,2.0,4.0,3.0,0.0,4.0,,,,634.0,3.0,110000.0,220000.0,43.0,2024
1.0,53.0,2.0,4.0,3.0,0.0,1.0,,,,634.0,3.0,110000.0,220000.0,43.0,2024
2.0,58.0,2.0,2.0,3.0,0.0,4.0,,,,408.0,1.0,0.0,0.0,43.0,2024
1.0,72.0,2.0,2.0,3.0,0.0,1.0,,,,408.0,1.0,0.0,0.0,43.0,2024
1.0,23.0,2.0,4.0,1.0,3.0,0.0,40.0,0.0,2.0,408.0,3.0,0.0,0.0,43.0,2024
1.0,37.0,2.0,4.0,1.0,3.0,0.0,40.0,0.0,1.0,408.0,3.0,0.0,0.0,43.0,2024
1.0,40.0,2.0,4.0,1.0,3.0,0.0,40.0,0.0,2.0,408.0,4.0,0.0,0.0,43.0,2024
1.0,26.0,2.0,4.0,1.0,3.0,0.0,40.0,0.0,1.0,408.0,3.0,0.0,0.0,43.0,2024
2.0,49.0,2.0,6.0,2.0,2.0,0.0,,,,572.0,5.0,112500.0,450000.0,43.0,2024
2.0,20.0,1.0,7.0,3.0,0.0,3.0,,,,572.0,5.0,112500.0,450000.0,43.0,2024
1.0,18.0,1.0,4.0,3.0,0.0,3.0,,,,572.0,3.0,112500.0,450000.0,43.0,2024
1.0,50.0,2.0,6.0,1.0,3.0,0.0,56.0,0.0,2.0,572.0,5.0,112500.0,450000.0,43.0,2024
2.0,54.0,2.0,4.0,1.0,3.0,0.0,15.0,8.0,1.0,1262.0,4.0,94000.0,282000.0,43.0,2024
2.0,31.0,2.0,4.0,2.0,3.0,0.0,,,,1262.0,3.0,94000.0,282000.0,43.0,2024
1.0,4.0,1.0,1.0,4.0,0.0,5.0,,,,1262.0,7.0,94000.0,282000.0,43.0,2024
2.0,80.0,2.0,6.0,3.0,0.0,1.0,,,,612.0,6.0,150000.0,300000.0,43.0,2024
1.0,57.0,2.0,4.0,3.0,0.0,4.0,,,,612.0,4.0,150000.0,300000.0,43.0,2024
1.0,36.0,2.0,5.0,1.0,3.0,0.0,42.0,0.0,1.0,781.0,3.0,200000.0,200000.0,43.0,2024
2.0,46.0,2.0,7.0,1.0,1.0,0.0,40.0,0.0,2.0,571.0,5.0,250000.0,500000.0,43.0,2024
2.0,13.0,1.0,4.0,3.0,0.0,3.0,,,,571.0,3.0,250000.0,500000.0,43.0,2024
2.0,72.0,2.0,7.0,3.0,0.0,1.0,,,,1180.0,5.0,400000.0,400000.0,43.0,2024
1.0,58.0,2.0,6.0,1.0,3.0,0.0,72.0,0.0,2.0,803.0,5.0,0.0,0.0,43.0,2024
2.0,101.0,2.0,2.0,3.0,0.0,1.0,,,,803.0,2.0,0.0,0.0,43.0,2024
2.0,60.0,2.0,6.0,1.0,3.0,0.0,0.0,0.0,2.0,803.0,6.0,0.0,0.0,43.0,2024
2.0,30.0,2.0,6.0,1.0,3.0,0.0,25.0,0.0,2.0,803.0,6.0,0.0,0.0,43.0,2024
1.0,32.0,2.0,4.0,1.0,3.0,0.0,40.0,0.0,2.0,604.0,4.0,400000.0,400000.0,43.0,2024
2.0,36.0,2.0,4.0,1.0,3.0,0.0,42.0,0.0,1.0,776.0,4.0,202500.0,405000.0,43.0,2024
2.0,89.0,2.0,2.0,3.0,0.0,1.0,,,,776.0,1.0,202500.0,405000.0,43.0,2024
1.0,49.0,2.0,4.0,1.0,1.0,0.0,24.0,0.0,2.0,742.0,4.0,567500.0,2270000.0,43.0,2024
2.0,50.0,2.0,4.0,1.0,3.0,0.0,40.0,0.0,2.0,742.0,4.0,567500.0,2270000.0,43.0,2024
1.0,15.0,1.0,4.0,3.0,0.0,3.0,,,,742.0,3.0,567500.0,2270000.0,43.0,2024
1.0,13.0,1.0,4.0,3.0,0.0,3.0,,,,742.0,3.0,567500.0,2270000.0,43.0,2024
1.0,66.0,2.0,4.0,1.0,3.0,0.0,40.0,0.0,2.0,630.0,4.0,0.0,0.0,43.0,2024
2.0,43.0,2.0,7.0,1.0,3.0,0.0,40.0,0.0,2.0,926.0,6.0,0.0,0.0,43.0,2024
2.0,11.0,1.0,2.0,3.0,0.0,3.0,,,,926.0,1.0,0.0,0.0,43.0,2024
2.0,3.0,1.0,1.0,4.0,0.0,5.0,,,,926.0,7.0,0.0,0.0,43.0,2024
1.0,36.0,2.0,7.0,1.0,2.0,0.0,56.0,0.0,1.0,826.0,5.0,440000.0,1320000.0,43.0,2024
2.0,31.0,2.0,7.0,1.0,2.0,0.0,0.0,0.0,2.0,826.0,5.0,440000.0,1320000.0,43.0,2024
1.0,7.0,1.0,2.0,4.0,0.0,3.0,,,,826.0,1.0,440000.0,1320000.0,43.0,2024
1.0,59.0,2.0,6.0,1.0,2.0,0.0,6.0,0.0,1.0,580.0,5.0,0.0,0.0,43.0,2024
2.0,59.0,2.0,7.0,1.0,3.0,0.0,0.0,0.0,2.0,580.0,6.0,0.0,0.0,43.0,2024
1.0,24.0,1.0,7.0,3.0,0.0,3.0,,,,580.0,5.0,0.0,0.0,43.0,2024
2.0,52.0,2.0,2.0,3.0,0.0,4.0,,,,332.0,2.0,0.0,0.0,43.0,2024
2.0,21.0,1.0,7.0,3.0,0.0,3.0,,,,332.0,5.0,0.0,0.0,43.0,2024
2.0,17.0,2.0,4.0,3.0,0.0,4.0,,,,332.0,3.0,0.0,0.0,43.0,2024
1.0,52.0,2.0,7.0,1.0,1.0,0.0,56.0,0.0,2.0,929.0,6.0,0.0,0.0,43.0,2024
2.0,48.0,2.0,7.0,1.0,1.0,0.0,48.0,0.0,2.0,929.0,6.0,0.0,0.0,43.0,2024
1.0,18.0,1.0,7.0,3.0,0.0,3.0,,,,929.0,5.0,0.0,0.0,43.0,2024
2.0,15.0,1.0,4.0,3.0,0.0,3.0,,,,929.0,3.0,0.0,0.0,43.0,2024
1.0,42.0,2.0,7.0,1.0,2.0,0.0,40.0,0.0,2.0,1067.0,5.0,0.0,0.0,43.0,2024
1.0,12.0,1.0,4.0,3.0,0.0,3.0,,,,1067.0,3.0,0.0,0.0,43.0,2024
1.0,3.0,1.0,1.0,4.0,0.0,5.0,,,,1067.0,7.0,0.0,0.0,43.0,2024
2.0,36.0,2.0,2.0,1.0,3.0,0.0,44.0,28.0,2.0,635.0,2.0,700000.0,1400000.0,43.0,2024
1.0,43.0,2.0,4.0,1.0,3.0,0.0,48.0,0.0,2.0,635.0,4.0,700000.0,1400000.0,43.0,2024
2.0,30.0,2.0,7.0,1.0,3.0,0.0,48.0,0.0,2.0,575.0,5.0,190000.0,380000.0,43.0,2024
2.0,6.0,1.0,2.0,4.0,0.0,3.0,,,,575.0,1.0,190000.0,380000.0,43.0,2024
1.0,30.0,2.0,4.0,2.0,3.0,0.0,,,,428.0,3.0,60000.0,120000.0,43.0,2024
2.0,24.0,2.0,6.0,1.0,3.0,0.0,20.0,0.0,1.0,428.0,6.0,60000.0,120000.0,43.0,2024
1.0,50.0,2.0,2.0,1.0,3.0,0.0,68.0,0.0,2.0,470.0,2.0,0.0,0.0,43.0,2024
2.0,52.0,2.0,4.0,1.0,3.0,0.0,21.0,0.0,1.0,470.0,3.0,0.0,0.0,43.0,2024
2.0,29.0,2.0,4.0,1.0,3.0,0.0,48.0,0.0,2.0,470.0,4.0,0.0,0.0,43.0,2024
2.0,26.0,2.0,4.0,3.0,0.0,4.0,,,,470.0,3.0,0.0,0.0,43.0,2024
1.0,20.0,1.0,7.0,1.0,3.0,0.0,28.0,0.0,2.0,470.0,5.0,0.0,0.0,43.0,2024
1.0,5.0,1.0,1.0,4.0,0.0,5.0,,,,470.0,7.0,0.0,0.0,43.0,2024
2.0,50.0,2.0,7.0,1.0,3.0,0.0,40.0,0.0,2.0,481.0,5.0,0.0,0.0,43.0,2024
2.0,20.0,1.0,7.0,3.0,0.0,3.0,,,,481.0,5.0,0.0,0.0,43.0,2024
1.0,70.0,2.0,4.0,3.0,0.0,1.0,,,,743.0,4.0,200000.0,200000.0,43.0,2024
2.0,88.0,2.0,4.0,3.0,0.0,1.0,,,,918.0,4.0,175000.0,350000.0,43.0,2024
1.0,28.0,1.0,7.0,3.0,0.0,3.0,,,,918.0,5.0,175000.0,350000.0,43.0,2024
2.0,49.0,2.0,7.0,1.0,3.0,0.0,40.0,0.0,1.0,635.0,6.0,116666.67,350000.0,43.0,2024
1.0,5.0,1.0,1.0,4.0,0.0,5.0,,,,635.0,7.0,116666.67,350000.0,43.0,2024
2.0,23.0,2.0,7.0,1.0,3.0,0.0,16.0,0.0,1.0,635.0,6.0,116666.67,350000.0,43.0,2024
2.0,59.0,2.0,2.0,1.0,3.0,0.0,25.0,6.0,1.0,385.0,2.0,280000.0,280000.0,43.0,2024
2.0,49.0,2.0,4.0,1.0,3.0,0.0,30.0,0.0,2.0,894.0,4.0,0.0,0.0,43.0,2024
1.0,56.0,2.0,7.0,1.0,2.0,0.0,35.0,0.0,2.0,894.0,6.0,0.0,0.0,43.0,2024
2.0,19.0,1.0,7.0,3.0,0.0,3.0,,,,894.0,5.0,0.0,0.0,43.0,2024
1.0,46.0,2.0,4.0,1.0,3.0,0.0,30.0,0.0,2.0,710.0,4.0,400000.0,800000.0,43.0,2024
1.0,15.0,1.0,4.0,3.0,0.0,3.0,,,,710.0,3.0,400000.0,800000.0,43.0,2024
2.0,23.0,2.0,4.0,1.0,3.0,0.0,18.0,0.0,1.0,451.0,4.0,300000.0,900000.0,43.0,2024
1.0,39.0,2.0,2.0,1.0,3.0,0.0,72.0,0.0,2.0,451.0,2.0,300000.0,900000.0,43.0,2024
1.0,3.0,1.0,1.0,4.0,0.0,5.0,,,,451.0,7.0,300000.0,900000.0,43.0,2024
2.0,34.0,1.0,7.0,1.0,2.0,0.0,36.0,0.0,1.0,650.0,5.0,83333.33,250000.0,43.0,2024
2.0,8.0,1.0,2.0,4.0,0.0,3.0,,,,650.0,1.0,83333.33,250000.0,43.0,2024
2.0,10.0,1.0,2.0,3.0,0.0,3.0,,,,650.0,1.0,83333.33,250000.0,43.0,2024
2.0,69.0,2.0,2.0,3.0,0.0,1.0,,,,319.0,2.0,230000.0,460000.0,43.0,2024
2.0,27.0,2.0,4.0,1.0,3.0,0.0,48.0,0.0,2.0,319.0,4.0,230000.0,460000.0,43.0,2024
2.0,74.0,2.0,4.0,3.0,0.0,1.0,,,,638.0,3.0,0.0,0.0,43.0,2024
2.0,50.0,2.0,4.0,1.0,3.0,0.0,44.0,0.0,2.0,638.0,3.0,0.0,0.0,43.0,2024
1.0,25.0,2.0,4.0,1.0,3.0,0.0,48.0,0.0,2.0,638.0,4.0,0.0,0.0,43.0,2024
1.0,22.0,2.0,4.0,2.0,3.0,0.0,,,,638.0,4.0,0.0,0.0,43.0,2024
2.0,62.0,2.0,6.0,3.0,0.0,4.0,,,,495.0,5.0,125000.0,250000.0,43.0,2024
1.0,68.0,2.0,8.0,3.0,0.0,1.0,,,,495.0,6.0,125000.0,250000.0,43.0,2024
2.0,35.0,2.0,2.0,1.0,3.0,0.0,12.0,24.0,1.0,401.0,2.0,77333.33,232000.0,43.0,2024
2.0,18.0,1.0,4.0,3.0,0.0,3.0,,,,401.0,3.0,77333.33,232000.0,43.0,2024
2.0,11.0,1.0,2.0,3.0,0.0,3.0,,,,401.0,1.0,77333.33,232000.0,43.0,2024
2.0,31.0,2.0,4.0,3.0,0.0,4.0,,,,1254.0,4.0,59000.0,236000.0,43.0,2024
1.0,37.0,2.0,4.0,1.0,2.0,0.0,12.0,0.0,1.0,1254.0,4.0,59000.0,236000.0,43.0,2024
1.0,8.0,1.0,2.0,4.0,0.0,3.0,,,,1254.0,1.0,59000.0,236000.0,43.0,2024
2.0,4.0,1.0,1.0,4.0,0.0,5.0,,,,1254.0,7.0,59000.0,236000.0,43.0,2024
2.0,30.0,2.0,2.0,1.0,3.0,0.0,40.0,0.0,2.0,778.0,2.0,126000.0,630000.0,43.0,2024
1.0,41.0,2.0,2.0,3.0,0.0,4.0,,,,778.0,2.0,126000.0,630000.0,43.0,2024
2.0,8.0,1.0,2.0,4.0,0.0,3.0,,,,778.0,1.0,126000.0,630000.0,43.0,2024
2.0,6.0,1.0,2.0,4.0,0.0,3.0,,,,778.0,1.0,126000.0,630000.0,43.0,2024
1.0,2.0,3.0,0.0,4.0,0.0,5.0,,,,778.0,7.0,126000.0,630000.0,43.0,2024
2.0,77.0,2.0,4.0,3.0,0.0,1.0,,,,1193.0,4.0,150000.0,150000.0,43.0,2024
2.0,49.0,2.0,6.0,1.0,3.0,0.0,44.0,0.0,2.0,311.0,6.0,550000.0,550000.0,43.0,2024
2.0,54.0,2.0,6.0,1.0,2.0,0.0,40.0,0.0,2.0,464.0,6.0,0.0,0.0,43.0,2024
1.0,29.0,2.0,7.0,1.0,2.0,0.0,48.0,4.0,2.0,464.0,5.0,0.0,0.0,43.0,2024
2.0,24.0,2.0,7.0,1.0,3.0,0.0,40.0,0.0,2.0,464.0,5.0,0.0,0.0,43.0,2024
1.0,28.0,2.0,6.0,1.0,3.0,0.0,70.0,0.0,2.0,615.0,5.0,560000.0,560000.0,43.0,2024
2.0,70.0,2.0,7.0,1.0,1.0,0.0,12.0,0.0,2.0,1013.0,5.0,220000.0,440000.0,43.0,2024
1.0,74.0,2.0,4.0,1.0,1.0,0.0,12.0,0.0,2.0,1013.0,4.0,220000.0,440000.0,43.0,2024
2.0,61.0,2.0,4.0,1.0,3.0,0.0,48.0,0.0,2.0,332.0,4.0,340000.0,680000.0,43.0,2024
1.0,63.0,2.0,2.0,3.0,0.0,4.0,,,,332.0,2.0,340000.0,680000.0,43.0,2024
1.0,39.0,2.0,2.0,1.0,3.0,0.0,72.0,0.0,2.0,905.0,2.0,0.0,0.0,43.0,2024
1.0,39.0,2.0,4.0,1.0,3.0,0.0,80.0,0.0,2.0,905.0,3.0,0.0,0.0,43.0,2024
1.0,40.0,2.0,2.0,1.0,3.0,0.0,80.0,0.0,2.0,905.0,2.0,0.0,0.0,43.0,2024
2.0,28.0,2.0,4.0,1.0,3.0,0.0,48.0,0.0,2.0,782.0,3.0,119500.0,478000.0,43.0,2024
1.0,13.0,1.0,4.0,3.0,0.0,3.0,,,,782.0,3.0,119500.0,478000.0,43.0,2024
1.0,11.0,1.0,2.0,3.0,0.0,3.0,,,,782.0,1.0,119500.0,478000.0,43.0,2024
2.0,9.0,1.0,2.0,4.0,0.0,3.0,,,,782.0,1.0,119500.0,478000.0,43.0,2024
2.0,72.0,2.0,2.0,3.0,0.0,1.0,,,,959.0,1.0,103000.0,103000.0,43.0,2024
1.0,22.0,2.0,2.0,1.0,3.0,0.0,32.0,0.0,1.0,389.0,2.0,150000.0,300000.0,43.0,2024
2.0,24.0,2.0,4.0,3.0,0.0,4.0,,,,389.0,4.0,150000.0,300000.0,43.0,2024
1.0,65.0,2.0,4.0,1.0,2.0,0.0,18.0,0.0,1.0,979.0,3.0,0.0,0.0,43.0,2024
2.0,65.0,2.0,4.0,3.0,0.0,1.0,,,,979.0,4.0,0.0,0.0,43.0,2024
2.0,43.0,1.0,7.0,1.0,3.0,0.0,36.0,12.0,1.0,693.0,5.0,140000.0,420000.0,43.0,2024
2.0,14.0,1.0,4.0,3.0,0.0,3.0,,,,693.0,3.0,140000.0,420000.0,43.0,2024
2.0,8.0,1.0,2.0,4.0,0.0,3.0,,,,693.0,1.0,140000.0,420000.0,43.0,2024
2.0,32.0,2.0,4.0,1.0,3.0,0.0,28.0,0.0,2.0,460.0,4.0,0.0,0.0,43.0,2024
2.0,12.0,1.0,4.0,3.0,0.0,3.0,,,,460.0,3.0,0.0,0.0,43.0,2024
1.0,48.0,2.0,4.0,1.0,3.0,0.0,105.0,0.0,2.0,610.0,3.0,125000.0,500000.0,43.0,2024
2.0,36.0,2.0,2.0,3.0,0.0,4.0,,,,610.0,1.0,125000.0,500000.0,43.0,2024
2.0,9.0,1.0,2.0,4.0,0.0,3.0,,,,610.0,1.0,125000.0,500000.0,43.0,2024
2.0,10.0,1.0,2.0,3.0,0.0,3.0,,,,610.0,1.0,125000.0,500000.0,43.0,2024
1.0,60.0,2.0,2.0,1.0,3.0,0.0,44.0,0.0,2.0,256.0,1.0,440000.0,880000.0,43.0,2024
2.0,21.0,2.0,4.0,1.0,3.0,0.0,36.0,0.0,1.0,256.0,4.0,440000.0,880000.0,43.0,2024
2.0,27.0,2.0,4.0,1.0,3.0,0.0,20.0,0.0,2.0,709.0,4.0,76666.67,230000.0,43.0,2024
1.0,9.0,1.0,2.0,4.0,0.0,3.0,,,,709.0,1.0,76666.67,230000.0,43.0,2024
2.0,6.0,1.0,2.0,4.0,0.0,3.0,,,,709.0,1.0,76666.67,230000.0,43.0,2024
1.0,68.0,2.0,7.0,3.0,0.0,1.0,,,,742.0,5.0,1600000.0,1600000.0,43.0,2024
1.0,65.0,2.0,2.0,1.0,3.0,0.0,25.0,0.0,2.0,551.0,2.0,150000.0,300000.0,43.0,2024
2.0,18.0,2.0,4.0,1.0,3.0,0.0,24.0,8.0,2.0,551.0,4.0,150000.0,300000.0,43.0,2024
2.0,70.0,2.0,2.0,3.0,0.0,4.0,,,,796.0,2.0,165500.0,331000.0,43.0,2024
1.0,60.0,2.0,2.0,1.0,2.0,0.0,12.0,0.0,1.0,796.0,2.0,165500.0,331000.0,43.0,2024
2.0,64.0,2.0,2.0,3.0,0.0,4.0,,,,516.0,2.0,160000.0,160000.0,43.0,2024
2.0,84.0,2.0,2.0,3.0,0.0,1.0,,,,615.0,2.0,142500.0,285000.0,43.0,2024
1.0,93.0,2.0,2.0,3.0,0.0,1.0,,,,615.0,2.0,142500.0,285000.0,43.0,2024
1.0,38.0,2.0,4.0,1.0,3.0,0.0,72.0,0.0,2.0,559.0,3.0,37500.0,150000.0,43.0,2024
2.0,36.0,2.0,7.0,3.0,0.0,7.0,,,,559.0,6.0,37500.0,150000.0,43.0,2024
1.0,14.0,1.0,4.0,3.0,0.0,3.0,,,,559.0,3.0,37500.0,150000.0,43.0,2024
1.0,4.0,1.0,1.0,4.0,0.0,5.0,,,,559.0,7.0,37500.0,150000.0,43.0,2024
1.0,65.0,2.0,4.0,1.0,2.0,0.0,48.0,0.0,2.0,568.0,3.0,0.0,0.0,43.0,2024
2.0,22.0,1.0,7.0,3.0,0.0,3.0,,,,568.0,5.0,0.0,0.0,43.0,2024
1.0,50.0,2.0,4.0,1.0,3.0,0.0,40.0,0.0,2.0,824.0,4.0,0.0,0.0,43.0,2024
2.0,86.0,2.0,7.0,3.0,0.0,1.0,,,,824.0,6.0,0.0,0.0,43.0,2024
1.0,92.0,2.0,2.0,3.0,0.0,1.0,,,,824.0,1.0,0.0,0.0,43.0,2024
2.0,52.0,2.0,2.0,1.0,3.0,0.0,24.0,12.0,2.0,490.0,2.0,125600.0,628000.0,43.0,2024
1.0,33.0,2.0,2.0,1.0,3.0,0.0,50.0,0.0,2.0,490.0,2.0,125600.0,628000.0,43.0,2024
1.0,19.0,2.0,4.0,1.0,3.0,0.0,7.0,0.0,1.0,490.0,3.0,125600.0,628000.0,43.0,2024
2.0,29.0,2.0,2.0,1.0,3.0,0.0,24.0,0.0,2.0,490.0,2.0,125600.0,628000.0,43.0,2024
2.0,6.0,1.0,2.0,4.0,0.0,3.0,,,,490.0,1.0,125600.0,628000.0,43.0,2024
2.0,43.0,2.0,2.0,1.0,3.0,0.0,40.0,0.0,2.0,563.0,2.0,88000.0,440000.0,43.0,2024
1.0,44.0,2.0,2.0,1.0,3.0,0.0,48.0,0.0,2.0,563.0,2.0,88000.0,440000.0,43.0,2024
2.0,15.0,1.0,4.0,3.0,0.0,3.0,,,,563.0,3.0,88000.0,440000.0,43.0,2024
1.0,7.0,1.0,2.0,4.0,0.0,3.0,,,,563.0,1.0,88000.0,440000.0,43.0,2024
2.0,9.0,1.0,2.0,4.0,0.0,3.0,,,,563.0,1.0,88000.0,440000.0,43.0,2024
2.0,73.0,2.0,4.0,3.0,0.0,1.0,,,,1051.0,3.0,360000.0,360000.0,43.0,2024
1.0,44.0,2.0,4.0,1.0,2.0,0.0,40.0,0.0,2.0,573.0,3.0,0.0,0.0,43.0,2024
2.0,41.0,2.0,2.0,3.0,0.0,4.0,,,,573.0,2.0,0.0,0.0,43.0,2024
2.0,72.0,2.0,6.0,3.0,0.0,1.0,,,,876.0,6.0,130000.0,260000.0,43.0,2024
1.0,65.0,2.0,6.0,3.0,0.0,1.0,,,,876.0,6.0,130000.0,260000.0,43.0,2024
1.0,73.0,2.0,2.0,3.0,0.0,1.0,,,,594.0,2.0,112500.0,225000.0,43.0,2024
2.0,72.0,2.0,2.0,3.0,0.0,4.0,,,,594.0,2.0,112500.0,225000.0,43.0,2024
2.0,25.0,2.0,4.0,1.0,3.0,0.0,4.0,0.0,1.0,1202.0,4.0,73333.33,220000.0,43.0,2024
2.0,8.0,1.0,2.0,4.0,0.0,3.0,,,,1202.0,1.0,73333.33,220000.0,43.0,2024
1.0,9.0,1.0,2.0,4.0,0.0,3.0,,,,1202.0,1.0,73333.33,220000.0,43.0,2024
2.0,85.0,2.0,2.0,3.0,0.0,4.0,,,,796.0,2.0,160000.0,320000.0,43.0,2024
1.0,49.0,2.0,2.0,1.0,3.0,0.0,20.0,0.0,1.0,796.0,2.0,160000.0,320000.0,43.0,2024
2.0,35.0,2.0,4.0,1.0,3.0,0.0,30.0,0.0,2.0,908.0,4.0,0.0,0.0,43.0,2024
1.0,36.0,2.0,4.0,1.0,3.0,0.0,24.0,24.0,2.0,908.0,4.0,0.0,0.0,43.0,2024
1.0,12.0,1.0,4.0,3.0,0.0,3.0,,,,908.0,3.0,0.0,0.0,43.0,2024
2.0,10.0,1.0,2.0,3.0,0.0,3.0,,,,908.0,1.0,0.0,0.0,43.0,2024
1.0,30.0,2.0,4.0,1.0,3.0,0.0,42.0,0.0,2.0,908.0,4.0,0.0,0.0,43.0,2024
1.0,1.0,0.0,0.0,4.0,0.0,5.0,,,,908.0,7.0,0.0,0.0,43.0,2024
2.0,41.0,2.0,2.0,2.0,3.0,0.0,,,,331.0,2.0,73333.33,220000.0,43.0,2024
1.0,45.0,2.0,4.0,1.0,3.0,0.0,54.0,0.0,2.0,331.0,4.0,73333.33,220000.0,43.0,2024
2.0,19.0,1.0,6.0,2.0,0.0,0.0,,,,331.0,5.0,73333.33,220000.0,43.0,2024
1.0,75.0,2.0,2.0,3.0,0.0,1.0,,,,611.0,2.0,145000.0,290000.0,43.0,2024
2.0,72.0,2.0,4.0,3.0,0.0,4.0,,,,611.0,4.0,145000.0,290000.0,43.0,2024
2.0,43.0,2.0,7.0,1.0,2.0,0.0,30.0,0.0,1.0,324.0,5.0,0.0,0.0,43.0,2024
2.0,41.0,2.0,7.0,1.0,2.0,0.0,30.0,0.0,1.0,324.0,6.0,0.0,0.0,43.0,2024
2.0,38.0,2.0,6.0,1.0,3.0,0.0,50.0,0.0,2.0,479.0,5.0,500000.0,500000.0,43.0,2024
2.0,78.0,2.0,4.0,3.0,0.0,1.0,,,,1049.0,4.0,145000.0,290000.0,43.0,2024
1.0,85.0,2.0,4.0,3.0,0.0,1.0,,,,1049.0,4.0,145000.0,290000.0,43.0,2024
2.0,77.0,2.0,4.0,3.0,0.0,1.0,,,,797.0,3.0,0.0,0.0,43.0,2024
2.0,44.0,2.0,7.0,1.0,3.0,0.0,40.0,0.0,2.0,797.0,5.0,0.0,0.0,43.0,2024
2.0,54.0,2.0,7.0,1.0,3.0,0.0,15.0,0.0,2.0,846.0,5.0,0.0,0.0,43.0,2024
2.0,23.0,1.0,7.0,1.0,3.0,0.0,48.0,0.0,2.0,846.0,5.0,0.0,0.0,43.0,2024
2.0,20.0,2.0,4.0,3.0,0.0,7.0,,,,846.0,4.0,0.0,0.0,43.0,2024
1.0,18.0,1.0,7.0,1.0,2.0,0.0,50.0,0.0,2.0,846.0,5.0,0.0,0.0,43.0,2024
2.0,65.0,2.0,2.0,1.0,3.0,0.0,16.0,12.0,1.0,556.0,2.0,186666.67,560000.0,43.0,2024
1.0,52.0,2.0,2.0,1.0,3.0,0.0,56.0,0.0,2.0,556.0,2.0,186666.67,560000.0,43.0,2024
2.0,25.0,2.0,4.0,3.0,0.0,4.0,,,,556.0,4.0,186666.67,560000.0,43.0,2024
2.0,20.0,1.0,4.0,1.0,3.0,0.0,36.0,0.0,2.0,614.0,3.0,66666.67,200000.0,43.0,2024
2.0,41.0,2.0,4.0,1.0,3.0,0.0,36.0,0.0,1.0,614.0,4.0,66666.67,200000.0,43.0,2024
2.0,10.0,1.0,2.0,3.0,0.0,3.0,,,,614.0,1.0,66666.67,200000.0,43.0,2024
1.0,23.0,2.0,4.0,1.0,2.0,0.0,58.0,0.0,2.0,392.0,4.0,0.0,0.0,43.0,2024
2.0,24.0,2.0,4.0,1.0,1.0,0.0,57.0,0.0,2.0,392.0,4.0,0.0,0.0,43.0,2024
1.0,68.0,2.0,2.0,1.0,2.0,0.0,6.0,0.0,1.0,648.0,2.0,140000.0,280000.0,43.0,2024
1.0,20.0,2.0,4.0,2.0,2.0,0.0,,,,648.0,4.0,140000.0,280000.0,43.0,2024
1.0,69.0,2.0,8.0,1.0,3.0,0.0,40.0,0.0,2.0,1243.0,6.0,0.0,0.0,43.0,2024
1.0,47.0,2.0,4.0,1.0,3.0,0.0,66.0,0.0,2.0,513.0,4.0,243333.33,730000.0,43.0,2024
2.0,49.0,2.0,4.0,1.0,3.0,0.0,24.0,20.0,2.0,513.0,3.0,243333.33,730000.0,43.0,2024
2.0,21.0,2.0,4.0,2.0,3.0,0.0,,,,513.0,4.0,243333.33,730000.0,43.0,2024
1.0,46.0,2.0,4.0,1.0,3.0,0.0,60.0,0.0,2.0,640.0,4.0,0.0,0.0,43.0,2024
2.0,47.0,2.0,6.0,1.0,3.0,0.0,40.0,0.0,2.0,640.0,6.0,0.0,0.0,43.0,2024
2.0,84.0,2.0,2.0,3.0,0.0,7.0,,,,530.0,2.0,0.0,0.0,43.0,2024
2.0,19.0,1.0,7.0,1.0,3.0,0.0,18.0,12.0,1.0,530.0,5.0,0.0,0.0,43.0,2024
2.0,69.0,2.0,4.0,3.0,0.0,1.0,,,,737.0,4.0,332500.0,665000.0,43.0,2024
1.0,69.0,2.0,2.0,3.0,0.0,1.0,,,,737.0,2.0,332500.0,665000.0,43.0,2024
1.0,36.0,2.0,4.0,1.0,3.0,0.0,60.0,0.0,2.0,822.0,4.0,196666.67,590000.0,43.0,2024
2.0,30.0,2.0,4.0,1.0,3.0,0.0,36.0,0.0,2.0,822.0,4.0,196666.67,590000.0,43.0,2024
2.0,10.0,1.0,2.0,3.0,0.0,3.0,,,,822.0,1.0,196666.67,590000.0,43.0,2024
2.0,74.0,2.0,2.0,3.0,0.0,1.0,,,,1039.0,2.0,167000.0,334000.0,43.0,2024
1.0,43.0,1.0,9.0,3.0,0.0,3.0,,,,1039.0,1.0,167000.0,334000.0,43.0,2024
2.0,42.0,2.0,3.0,1.0,3.0,0.0,45.0,0.0,2.0,638.0,3.0,0.0,0.0,43.0,2024
1.0,45.0,2.0,2.0,1.0,3.0,0.0,49.0,0.0,2.0,638.0,2.0,0.0,0.0,43.0,2024
1.0,15.0,1.0,4.0,3.0,0.0,3.0,,,,638.0,3.0,0.0,0.0,43.0,2024
1.0,10.0,1.0,2.0,3.0,0.0,3.0,,,,638.0,1.0,0.0,0.0,43.0,2024
1.0,51.0,2.0,2.0,1.0,2.0,0.0,40.0,0.0,2.0,1151.0,2.0,300000.0,300000.0,43.0,2024
2.0,68.0,2.0,4.0,3.0,0.0,1.0,,,,1331.0,4.0,150000.0,150000.0,43.0,2024
1.0,80.0,2.0,2.0,3.0,0.0,1.0,,,,815.0,1.0,0.0,0.0,43.0,2024
1.0,49.0,2.0,4.0,1.0,1.0,0.0,60.0,0.0,2.0,815.0,3.0,0.0,0.0,43.0,2024
2.0,11.0,1.0,2.0,3.0,0.0,3.0,,,,578.0,1.0,30000.0,120000.0,43.0,2024
2.0,6.0,1.0,2.0,4.0,0.0,3.0,,,,578.0,1.0,30000.0,120000.0,43.0,2024
2.0,27.0,2.0,4.0,2.0,3.0,0.0,,,,578.0,4.0,30000.0,120000.0,43.0,2024
1.0,2.0,3.0,0.0,4.0,0.0,5.0,,,,578.0,7.0,30000.0,120000.0,43.0,2024
2.0,20.0,2.0,4.0,3.0,0.0,4.0,,,,395.0,3.0,85333.33,256000.0,43.0,2024
2.0,4.0,1.0,1.0,4.0,0.0,5.0,,,,395.0,7.0,85333.33,256000.0,43.0,2024
1.0,28.0,2.0,4.0,1.0,3.0,0.0,50.0,0.0,2.0,395.0,3.0,85333.33,256000.0,43.0,2024
2.0,73.0,2.0,2.0,3.0,0.0,1.0,,,,805.0,2.0,0.0,0.0,43.0,2024
1.0,76.0,2.0,2.0,1.0,2.0,0.0,16.0,0.0,2.0,805.0,2.0,0.0,0.0,43.0,2024
1.0,38.0,2.0,4.0,1.0,3.0,0.0,44.0,0.0,2.0,805.0,4.0,0.0,0.0,43.0,2024
1.0,35.0,2.0,4.0,1.0,3.0,0.0,36.0,0.0,2.0,805.0,4.0,0.0,0.0,43.0,2024
1.0,69.0,2.0,2.0,3.0,0.0,1.0,,,,586.0,2.0,134000.0,268000.0,43.0,2024
2.0,64.0,2.0,6.0,3.0,0.0,1.0,,,,586.0,6.0,134000.0,268000.0,43.0,2024
2.0,74.0,2.0,2.0,3.0,0.0,1.0,,,,690.0,2.0,152500.0,305000.0,43.0,2024
2.0,23.0,2.0,4.0,1.0,3.0,0.0,42.0,0.0,2.0,690.0,4.0,152500.0,305000.0,43.0,2024
2.0,54.0,2.0,4.0,3.0,0.0,4.0,,,,619.0,4.0,0.0,0.0,43.0,2024
1.0,59.0,2.0,4.0,1.0,3.0,0.0,48.0,0.0,2.0,619.0,4.0,0.0,0.0,43.0,2024
1.0,27.0,2.0,7.0,1.0,3.0,0.0,25.0,0.0,1.0,619.0,6.0,0.0,0.0,43.0,2024
2.0,23.0,1.0,7.0,1.0,3.0,0.0,8.0,4.0,1.0,445.0,5.0,460000.0,460000.0,43.0,2024
1.0,38.0,2.0,8.0,1.0,3.0,0.0,35.0,0.0,2.0,598.0,6.0,366666.67,1100000.0,43.0,2024
2.0,37.0,2.0,6.0,1.0,3.0,0.0,25.0,0.0,2.0,598.0,6.0,366666.67,1100000.0,43.0,2024
2.0,6.0,1.0,2.0,4.0,0.0,3.0,,,,598.0,1.0,366666.67,1100000.0,43.0,2024
2.0,77.0,2.0,6.0,2.0,0.0,0.0,,,,1076.0,6.0,170000.0,170000.0,43.0,2024
2.0,46.0,2.0,4.0,1.0,3.0,0.0,30.0,0.0,2.0,974.0,4.0,0.0,0.0,43.0,2024
1.0,57.0,2.0,7.0,1.0,3.0,0.0,30.0,0.0,2.0,974.0,6.0,0.0,0.0,43.0,2024
1.0,22.0,1.0,7.0,3.0,0.0,3.0,,,,974.0,5.0,0.0,0.0,43.0,2024
2.0,21.0,1.0,7.0,3.0,0.0,3.0,,,,492.0,5.0,350000.0,1050000.0,43.0,2024
1.0,50.0,2.0,6.0,1.0,3.0,0.0,40.0,0.0,2.0,492.0,6.0,350000.0,1050000.0,43.0,2024
2.0,47.0,2.0,6.0,3.0,0.0,4.0,,,,492.0,6.0,350000.0,1050000.0,43.0,2024
1.0,42.0,2.0,2.0,1.0,2.0,0.0,40.0,0.0,2.0,825.0,2.0,0.0,0.0,43.0,2024
2.0,43.0,2.0,4.0,1.0,3.0,0.0,40.0,0.0,2.0,825.0,4.0,0.0,0.0,43.0,2024
2.0,22.0,2.0,4.0,1.0,3.0,0.0,48.0,0.0,2.0,825.0,3.0,0.0,0.0,43.0,2024
1.0,21.0,2.0,4.0,1.0,3.0,0.0,48.0,0.0,2.0,825.0,3.0,0.0,0.0,43.0,2024
2.0,34.0,2.0,6.0,1.0,3.0,0.0,36.0,0.0,2.0,650.0,6.0,700000.0,1400000.0,43.0,2024
1.0,33.0,2.0,4.0,1.0,3.0,0.0,36.0,0.0,2.0,650.0,4.0,700000.0,1400000.0,43.0,2024
2.0,41.0,2.0,6.0,1.0,3.0,0.0,84.0,0.0,2.0,514.0,6.0,500000.0,500000.0,43.0,2024
1.0,75.0,2.0,2.0,3.0,0.0,1.0,,,,759.0,2.0,105000.0,210000.0,43.0,2024
2.0,73.0,2.0,2.0,3.0,0.0,4.0,,,,759.0,2.0,105000.0,210000.0,43.0,2024
2.0,39.0,2.0,2.0,1.0,3.0,0.0,8.0,0.0,1.0,608.0,2.0,57500.0,345000.0,43.0,2024
1.0,41.0,2.0,2.0,3.0,0.0,6.0,,,,608.0,2.0,57500.0,345000.0,43.0,2024
1.0,18.0,1.0,4.0,1.0,3.0,0.0,30.0,0.0,2.0,608.0,3.0,57500.0,345000.0,43.0,2024
2.0,16.0,1.0,4.0,3.0,0.0,3.0,,,,608.0,3.0,57500.0,345000.0,43.0,2024
1.0,14.0,1.0,4.0,3.0,0.0,3.0,,,,608.0,3.0,57500.0,345000.0,43.0,2024
1.0,6.0,1.0,2.0,4.0,0.0,3.0,,,,608.0,1.0,57500.0,345000.0,43.0,2024
2.0,26.0,2.0,7.0,1.0,2.0,0.0,48.0,0.0,2.0,527.0,5.0,357500.0,715000.0,43.0,2024
1.0,31.0,2.0,4.0,1.0,3.0,0.0,44.0,0.0,1.0,527.0,4.0,357500.0,715000.0,43.0,2024
2.0,78.0,2.0,6.0,3.0,0.0,1.0,,,,1081.0,6.0,400000.0,400000.0,43.0,2024
2.0,46.0,2.0,4.0,1.0,2.0,0.0,49.0,0.0,2.0,605.0,4.0,185000.0,370000.0,43.0,2024
1.0,6.0,1.0,1.0,4.0,0.0,3.0,,,,605.0,7.0,185000.0,370000.0,43.0,2024
1.0,79.0,2.0,2.0,3.0,0.0,1.0,,,,626.0,1.0,160000.0,160000.0,43.0,2024
1.0,49.0,2.0,4.0,1.0,3.0,0.0,36.0,0.0,2.0,423.0,3.0,510000.0,1020000.0,43.0,2024
2.0,62.0,2.0,4.0,3.0,0.0,4.0,,,,423.0,3.0,510000.0,1020000.0,43.0,2024
2.0,67.0,2.0,4.0,1.0,3.0,0.0,10.0,5.0,1.0,722.0,4.0,157500.0,315000.0,43.0,2024
1.0,40.0,1.0,9.0,3.0,0.0,3.0,,,,722.0,1.0,157500.0,315000.0,43.0,2024
2.0,46.0,2.0,6.0,1.0,2.0,0.0,28.0,0.0,1.0,680.0,5.0,0.0,0.0,43.0,2024
1.0,48.0,2.0,2.0,3.0,0.0,4.0,,,,680.0,1.0,0.0,0.0,43.0,2024
1.0,8.0,1.0,2.0,4.0,0.0,3.0,,,,680.0,1.0,0.0,0.0,43.0,2024
1.0,7.0,1.0,2.0,4.0,0.0,3.0,,,,680.0,1.0,0.0,0.0,43.0,2024
2.0,33.0,2.0,4.0,3.0,0.0,4.0,,,,565.0,4.0,0.0,0.0,43.0,2024
1.0,40.0,2.0,4.0,1.0,3.0,0.0,72.0,0.0,2.0,565.0,4.0,0.0,0.0,43.0,2024
2.0,7.0,1.0,2.0,4.0,0.0,3.0,,,,565.0,1.0,0.0,0.0,43.0,2024
1.0,12.0,1.0,2.0,3.0,0.0,3.0,,,,565.0,1.0,0.0,0.0,43.0,2024
1.0,38.0,2.0,7.0,1.0,3.0,0.0,40.0,0.0,2.0,332.0,6.0,450000.0,900000.0,43.0,2024
2.0,35.0,2.0,7.0,1.0,3.0,0.0,0.0,0.0,2.0,332.0,6.0,450000.0,900000.0,43.0,2024
1.0,45.0,2.0,7.0,1.0,3.0,0.0,40.0,0.0,2.0,720.0,5.0,0.0,0.0,43.0,2024
2.0,47.0,2.0,8.0,1.0,3.0,0.0,48.0,0.0,2.0,720.0,6.0,0.0,0.0,43.0,2024
1.0,1.0,0.0,0.0,4.0,0.0,5.0,,,,720.0,7.0,0.0,0.0,43.0,2024
2.0,72.0,2.0,2.0,3.0,0.0,1.0,,,,1078.0,2.0,138333.33,415000.0,43.0,2024
1.0,66.0,2.0,2.0,1.0,2.0,0.0,48.0,0.0,2.0,1078.0,2.0,138333.33,415000.0,43.0,2024
2.0,91.0,2.0,2.0,3.0,0.0,7.0,,,,1078.0,2.0,138333.33,415000.0,43.0,2024
1.0,59.0,2.0,7.0,1.0,2.0,0.0,40.0,0.0,2.0,1014.0,5.0,0.0,0.0,43.0,2024
1.0,26.0,2.0,7.0,1.0,3.0,0.0,40.0,0.0,2.0,1014.0,5.0,0.0,0.0,43.0,2024
2.0,22.0,1.0,7.0,3.0,0.0,3.0,,,,1014.0,5.0,0.0,0.0,43.0,2024
2.0,78.0,2.0,7.0,3.0,0.0,1.0,,,,1206.0,6.0,0.0,0.0,43.0,2024
1.0,45.0,2.0,7.0,1.0,2.0,0.0,30.0,0.0,2.0,1206.0,6.0,0.0,0.0,43.0,2024
2.0,51.0,2.0,4.0,3.0,0.0,4.0,,,,491.0,4.0,0.0,0.0,43.0,2024
1.0,51.0,2.0,6.0,1.0,3.0,0.0,40.0,0.0,2.0,491.0,6.0,0.0,0.0,43.0,2024
1.0,22.0,1.0,7.0,1.0,3.0,0.0,40.0,0.0,2.0,491.0,5.0,0.0,0.0,43.0,2024
1.0,46.0,2.0,6.0,1.0,3.0,0.0,40.0,0.0,2.0,571.0,6.0,0.0,0.0,43.0,2024
2.0,11.0,1.0,2.0,3.0,0.0,3.0,,,,571.0,1.0,0.0,0.0,43.0,2024
2.0,36.0,2.0,4.0,3.0,0.0,7.0,,,,571.0,4.0,0.0,0.0,43.0,2024
1.0,53.0,1.0,9.0,1.0,2.0,0.0,36.0,0.0,2.0,640.0,1.0,0.0,0.0,43.0,2024
2.0,55.0,2.0,4.0,3.0,0.0,4.0,,,,640.0,3.0,0.0,0.0,43.0,2024
2.0,32.0,2.0,7.0,1.0,3.0,0.0,40.0,0.0,2.0,451.0,6.0,0.0,0.0,43.0,2024
1.0,36.0,2.0,7.0,1.0,3.0,0.0,40.0,0.0,2.0,451.0,6.0,0.0,0.0,43.0,2024
1.0,53.0,2.0,7.0,1.0,3.0,0.0,30.0,30.0,2.0,918.0,5.0,0.0,0.0,43.0,2024
2.0,50.0,2.0,7.0,3.0,0.0,2.0,,,,918.0,5.0,0.0,0.0,43.0,2024
2.0,25.0,1.0,7.0,3.0,0.0,3.0,,,,918.0,5.0,0.0,0.0,43.0,2024
1.0,19.0,1.0,7.0,3.0,0.0,3.0,,,,918.0,5.0,0.0,0.0,43.0,2024
2.0,27.0,2.0,4.0,1.0,2.0,0.0,36.0,0.0,1.0,680.0,3.0,0.0,0.0,43.0,2024
2.0,7.0,1.0,2.0,4.0,0.0,3.0,,,,680.0,1.0,0.0,0.0,43.0,2024
2.0,69.0,2.0,4.0,3.0,0.0,1.0,,,,1084.0,4.0,0.0,0.0,43.0,2024
1.0,64.0,2.0,7.0,1.0,2.0,0.0,24.0,0.0,1.0,584.0,6.0,0.0,0.0,43.0,2024
2.0,64.0,2.0,7.0,1.0,3.0,0.0,40.0,0.0,2.0,584.0,6.0,0.0,0.0,43.0,2024
2.0,24.0,1.0,7.0,1.0,3.0,0.0,24.0,0.0,2.0,584.0,5.0,0.0,0.0,43.0,2024
1.0,28.0,2.0,7.0,1.0,3.0,0.0,36.0,0.0,2.0,584.0,6.0,0.0,0.0,43.0,2024
1.0,46.0,2.0,7.0,1.0,3.0,0.0,40.0,15.0,2.0,825.0,6.0,1150000.0,1150000.0,43.0,2024
2.0,35.0,2.0,6.0,1.0,3.0,0.0,42.0,0.0,2.0,904.0,5.0,126666.67,380000.0,43.0,2024
1.0,13.0,1.0,4.0,3.0,0.0,3.0,,,,904.0,3.0,126666.67,380000.0,43.0,2024
1.0,7.0,1.0,2.0,4.0,0.0,3.0,,,,904.0,1.0,126666.67,380000.0,43.0,2024
2.0,60.0,2.0,4.0,1.0,3.0,0.0,30.0,0.0,2.0,435.0,4.0,0.0,0.0,43.0,2024
1.0,21.0,1.0,7.0,3.0,0.0,3.0,,,,435.0,5.0,0.0,0.0,43.0,2024
1.0,34.0,2.0,7.0,1.0,2.0,0.0,54.0,0.0,2.0,652.0,5.0,500000.0,1500000.0,43.0,2024
2.0,34.0,2.0,7.0,1.0,3.0,0.0,45.0,0.0,2.0,652.0,6.0,500000.0,1500000.0,43.0,2024
1.0,2.0,3.0,0.0,4.0,0.0,5.0,,,,652.0,7.0,500000.0,1500000.0,43.0,2024
2.0,86.0,2.0,2.0,3.0,0.0,1.0,,,,1128.0,2.0,0.0,0.0,43.0,2024
1.0,38.0,2.0,4.0,1.0,3.0,0.0,46.0,0.0,2.0,1128.0,4.0,0.0,0.0,43.0,2024
2.0,64.0,2.0,4.0,2.0,0.0,0.0,,,,300.0,4.0,160000.0,160000.0,43.0,2024
1.0,66.0,2.0,4.0,3.0,0.0,1.0,,,,745.0,3.0,0.0,0.0,43.0,2024
2.0,48.0,2.0,6.0,1.0,3.0,0.0,25.0,25.0,2.0,355.0,6.0,400000.0,800000.0,43.0,2024
1.0,27.0,1.0,7.0,3.0,0.0,3.0,,,,355.0,5.0,400000.0,800000.0,43.0,2024
1.0,34.0,2.0,4.0,1.0,2.0,0.0,44.0,0.0,2.0,1027.0,4.0,0.0,0.0,43.0,2024
2.0,30.0,2.0,7.0,1.0,2.0,0.0,40.0,0.0,2.0,1027.0,6.0,0.0,0.0,43.0,2024
2.0,55.0,2.0,2.0,2.0,3.0,0.0,,,,343.0,2.0,110000.0,220000.0,43.0,2024
1.0,24.0,2.0,5.0,2.0,2.0,0.0,,,,343.0,3.0,110000.0,220000.0,43.0,2024
1.0,28.0,2.0,4.0,1.0,3.0,0.0,48.0,0.0,2.0,603.0,4.0,550000.0,550000.0,43.0,2024
2.0,47.0,2.0,4.0,3.0,0.0,4.0,,,,515.0,4.0,0.0,0.0,43.0,2024
1.0,48.0,2.0,7.0,1.0,3.0,0.0,52.0,0.0,2.0,515.0,6.0,0.0,0.0,43.0,2024
1.0,5.0,1.0,1.0,4.0,0.0,5.0,,,,515.0,7.0,0.0,0.0,43.0,2024
2.0,63.0,2.0,4.0,3.0,0.0,1.0,,,,531.0,4.0,190000.0,190000.0,43.0,2024
2.0,56.0,2.0,6.0,1.0,3.0,0.0,0.0,0.0,2.0,1100.0,6.0,0.0,0.0,43.0,2024
1.0,60.0,2.0,7.0,1.0,1.0,0.0,60.0,0.0,2.0,1100.0,6.0,0.0,0.0,43.0,2024
2.0,15.0,1.0,4.0,3.0,0.0,3.0,,,,1100.0,3.0,0.0,0.0,43.0,2024
1.0,13.0,1.0,4.0,3.0,0.0,3.0,,,,1100.0,3.0,0.0,0.0,43.0,2024
2.0,63.0,2.0,2.0,1.0,3.0,0.0,5.0,4.0,1.0,467.0,2.0,238000.0,238000.0,43.0,2024
2.0,56.0,2.0,6.0,3.0,0.0,1.0,,,,972.0,6.0,0.0,0.0,43.0,2024
1.0,27.0,2.0,6.0,1.0,3.0,0.0,40.0,0.0,2.0,972.0,6.0,0.0,0.0,43.0,2024
2.0,23.0,1.0,7.0,1.0,3.0,0.0,48.0,0.0,1.0,450.0,5.0,0.0,0.0,43.0,2024
2.0,56.0,2.0,4.0,3.0,0.0,1.0,,,,874.0,4.0,0.0,0.0,43.0,2024
2.0,58.0,2.0,4.0,1.0,3.0,0.0,0.0,0.0,2.0,813.0,4.0,0.0,0.0,43.0,2024
2.0,29.0,2.0,7.0,3.0,0.0,4.0,,,,813.0,5.0,0.0,0.0,43.0,2024
2.0,45.0,2.0,7.0,1.0,3.0,0.0,40.0,0.0,2.0,1182.0,6.0,0.0,0.0,43.0,2024
1.0,13.0,1.0,4.0,3.0,0.0,3.0,,,,1182.0,3.0,0.0,0.0,43.0,2024
2.0,11.0,1.0,4.0,3.0,0.0,3.0,,,,1182.0,3.0,0.0,0.0,43.0,2024
2.0,9.0,1.0,2.0,4.0,0.0,3.0,,,,1182.0,1.0,0.0,0.0,43.0,2024
2.0,27.0,2.0,4.0,3.0,0.0,4.0,,,,573.0,3.0,0.0,0.0,43.0,2024
1.0,28.0,2.0,4.0,1.0,3.0,0.0,44.0,0.0,1.0,573.0,3.0,0.0,0.0,43.0,2024
1.0,9.0,1.0,2.0,4.0,0.0,3.0,,,,573.0,1.0,0.0,0.0,43.0,2024
2.0,2.0,3.0,0.0,4.0,0.0,5.0,,,,573.0,7.0,0.0,0.0,43.0,2024
2.0,39.0,2.0,6.0,1.0,3.0,0.0,35.0,0.0,2.0,659.0,6.0,0.0,0.0,43.0,2024
1.0,53.0,2.0,6.0,3.0,0.0,4.0,,,,659.0,6.0,0.0,0.0,43.0,2024
2.0,37.0,2.0,4.0,3.0,0.0,4.0,,,,377.0,4.0,65000.0,260000.0,43.0,2024
1.0,43.0,2.0,4.0,1.0,3.0,0.0,56.0,0.0,1.0,377.0,3.0,65000.0,260000.0,43.0,2024
1.0,16.0,1.0,4.0,3.0,0.0,3.0,,,,377.0,3.0,65000.0,260000.0,43.0,2024
1.0,16.0,1.0,4.0,3.0,0.0,3.0,,,,377.0,3.0,65000.0,260000.0,43.0,2024
2.0,63.0,2.0,7.0,3.0,0.0,1.0,,,,874.0,5.0,0.0,0.0,43.0,2024
1.0,26.0,2.0,4.0,1.0,3.0,0.0,45.0,0.0,2.0,619.0,4.0,500000.0,500000.0,43.0,2024
2.0,25.0,2.0,4.0,1.0,2.0,0.0,72.0,0.0,2.0,701.0,3.0,72000.0,360000.0,43.0,2024
1.0,7.0,1.0,2.0,4.0,0.0,3.0,,,,701.0,1.0,72000.0,360000.0,43.0,2024
1.0,6.0,1.0,1.0,4.0,0.0,3.0,,,,701.0,7.0,72000.0,360000.0,43.0,2024
1.0,4.0,1.0,1.0,4.0,0.0,5.0,,,,701.0,7.0,72000.0,360000.0,43.0,2024
2.0,3.0,3.0,0.0,4.0,0.0,5.0,,,,701.0,7.0,72000.0,360000.0,43.0,2024
2.0,29.0,2.0,4.0,3.0,0.0,4.0,,,,642.0,4.0,166666.67,500000.0,43.0,2024
1.0,30.0,2.0,4.0,1.0,3.0,0.0,48.0,0.0,2.0,642.0,4.0,166666.67,500000.0,43.0,2024
2.0,4.0,1.0,1.0,4.0,0.0,5.0,,,,642.0,7.0,166666.67,500000.0,43.0,2024
2.0,49.0,2.0,6.0,1.0,3.0,0.0,20.0,0.0,2.0,1010.0,6.0,380000.0,760000.0,43.0,2024
1.0,47.0,2.0,7.0,1.0,3.0,0.0,56.0,0.0,2.0,1010.0,6.0,380000.0,760000.0,43.0,2024
2.0,50.0,2.0,6.0,1.0,3.0,0.0,20.0,0.0,2.0,571.0,6.0,257500.0,1030000.0,43.0,2024
1.0,57.0,2.0,7.0,1.0,3.0,0.0,36.0,0.0,2.0,571.0,5.0,257500.0,1030000.0,43.0,2024
1.0,18.0,1.0,6.0,3.0,0.0,3.0,,,,571.0,5.0,257500.0,1030000.0,43.0,2024
2.0,16.0,1.0,4.0,3.0,0.0,3.0,,,,571.0,3.0,257500.0,1030000.0,43.0,2024
2.0,66.0,2.0,2.0,1.0,2.0,0.0,16.0,0.0,1.0,958.0,2.0,115000.0,230000.0,43.0,2024
1.0,69.0,2.0,2.0,3.0,0.0,1.0,,,,958.0,2.0,115000.0,230000.0,43.0,2024
1.0,32.0,2.0,4.0,1.0,3.0,0.0,48.0,0.0,2.0,623.0,4.0,575000.0,1150000.0,43.0,2024
2.0,36.0,2.0,4.0,1.0,3.0,0.0,44.0,0.0,2.0,623.0,4.0,575000.0,1150000.0,43.0,2024
2.0,89.0,2.0,2.0,3.0,0.0,1.0,,,,894.0,2.0,0.0,0.0,43.0,2024
1.0,93.0,2.0,2.0,3.0,0.0,1.0,,,,894.0,2.0,0.0,0.0,43.0,2024
2.0,60.0,2.0,4.0,3.0,0.0,1.0,,,,671.0,3.0,0.0,0.0,43.0,2024
1.0,57.0,2.0,4.0,1.0,1.0,0.0,49.0,0.0,2.0,671.0,3.0,0.0,0.0,43.0,2024
1.0,24.0,2.0,4.0,1.0,2.0,0.0,30.0,0.0,2.0,671.0,4.0,0.0,0.0,43.0,2024
1.0,27.0,2.0,4.0,1.0,3.0,0.0,30.0,0.0,1.0,671.0,4.0,0.0,0.0,43.0,2024
1.0,37.0,2.0,4.0,1.0,3.0,0.0,36.0,0.0,2.0,1254.0,4.0,183750.0,735000.0,43.0,2024
2.0,36.0,2.0,6.0,1.0,3.0,0.0,5.0,0.0,1.0,1254.0,6.0,183750.0,735000.0,43.0,2024
1.0,12.0,1.0,4.0,3.0,0.0,3.0,,,,1254.0,3.0,183750.0,735000.0,43.0,2024
2.0,10.0,1.0,2.0,3.0,0.0,3.0,,,,1254.0,1.0,183750.0,735000.0,43.0,2024
1.0,84.0,2.0,2.0,3.0,0.0,1.0,,,,723.0,2.0,247500.0,990000.0,43.0,2024
2.0,69.0,2.0,2.0,3.0,0.0,4.0,,,,723.0,2.0,247500.0,990000.0,43.0,2024
1.0,43.0,2.0,2.0,1.0,3.0,0.0,40.0,0.0,2.0,723.0,2.0,247500.0,990000.0,43.0,2024
1.0,47.0,2.0,4.0,1.0,3.0,0.0,48.0,0.0,2.0,723.0,3.0,247500.0,990000.0,43.0,2024
1.0,62.0,2.0,2.0,1.0,2.0,0.0,36.0,0.0,2.0,651.0,2.0,305000.0,610000.0,43.0,2024
1.0,33.0,2.0,2.0,1.0,2.0,0.0,36.0,0.0,1.0,651.0,2.0,305000.0,610000.0,43.0,2024
2.0,21.0,1.0,7.0,3.0,0.0,3.0,,,,604.0,5.0,220000.0,880000.0,43.0,2024
1.0,23.0,2.0,4.0,1.0,3.0,0.0,66.0,0.0,2.0,604.0,4.0,220000.0,880000.0,43.0,2024
1.0,54.0,2.0,7.0,1.0,2.0,0.0,30.0,24.0,1.0,1172.0,6.0,255000.0,510000.0,43.0,2024
2.0,55.0,2.0,4.0,1.0,2.0,0.0,24.0,0.0,2.0,1172.0,4.0,255000.0,510000.0,43.0,2024
1.0,28.0,2.0,6.0,1.0,3.0,0.0,40.0,0.0,2.0,571.0,6.0,0.0,0.0,43.0,2024
2.0,82.0,2.0,2.0,3.0,0.0,1.0,,,,779.0,2.0,0.0,0.0,43.0,2024
2.0,39.0,2.0,4.0,1.0,3.0,0.0,48.0,0.0,2.0,779.0,4.0,0.0,0.0,43.0,2024
2.0,44.0,2.0,6.0,1.0,3.0,0.0,60.0,0.0,2.0,336.0,6.0,475000.0,950000.0,43.0,2024
1.0,15.0,1.0,4.0,3.0,0.0,3.0,,,,336.0,3.0,475000.0,950000.0,43.0,2024
1.0,45.0,2.0,2.0,1.0,2.0,0.0,40.0,0.0,2.0,523.0,1.0,0.0,0.0,43.0,2024
2.0,47.0,2.0,2.0,2.0,0.0,0.0,,,,523.0,2.0,0.0,0.0,43.0,2024
1.0,25.0,2.0,4.0,1.0,3.0,0.0,40.0,0.0,1.0,523.0,3.0,0.0,0.0,43.0,2024
1.0,21.0,2.0,4.0,2.0,3.0,0.0,,,,523.0,3.0,0.0,0.0,43.0,2024
1.0,17.0,1.0,4.0,3.0,0.0,3.0,,,,523.0,3.0,0.0,0.0,43.0,2024
2.0,12.0,1.0,4.0,3.0,0.0,3.0,,,,523.0,3.0,0.0,0.0,43.0,2024
2.0,61.0,2.0,3.0,3.0,0.0,1.0,,,,368.0,2.0,0.0,0.0,43.0,2024
1.0,28.0,2.0,4.0,1.0,3.0,0.0,48.0,0.0,2.0,368.0,4.0,0.0,0.0,43.0,2024
1.0,31.0,2.0,4.0,1.0,2.0,0.0,44.0,0.0,2.0,458.0,4.0,100000.0,400000.0,43.0,2024
1.0,26.0,2.0,4.0,1.0,1.0,0.0,46.0,0.0,2.0,458.0,3.0,100000.0,400000.0,43.0,2024
2.0,22.0,2.0,4.0,3.0,0.0,7.0,,,,458.0,3.0,100000.0,400000.0,43.0,2024
1.0,3.0,1.0,1.0,4.0,0.0,5.0,,,,458.0,7.0,100000.0,400000.0,43.0,2024
2.0,56.0,2.0,2.0,1.0,3.0,0.0,84.0,21.0,2.0,508.0,2.0,119833.33,719000.0,43.0,2024
2.0,28.0,2.0,3.0,2.0,0.0,0.0,,,,508.0,3.0,119833.33,719000.0,43.0,2024
1.0,11.0,1.0,2.0,3.0,0.0,3.0,,,,508.0,1.0,119833.33,719000.0,43.0,2024
2.0,10.0,1.0,2.0,3.0,0.0,3.0,,,,508.0,1.0,119833.33,719000.0,43.0,2024
2.0,8.0,1.0,2.0,4.0,0.0,3.0,,,,508.0,1.0,119833.33,719000.0,43.0,2024
2.0,3.0,1.0,1.0,4.0,0.0,5.0,,,,508.0,7.0,119833.33,719000.0,43.0,2024
1.0,49.0,2.0,6.0,1.0,2.0,0.0,0.0,0.0,1.0,520.0,6.0,500000.0,2000000.0,43.0,2024
2.0,50.0,2.0,4.0,3.0,0.0,4.0,,,,520.0,4.0,500000.0,2000000.0,43.0,2024
1.0,19.0,2.0,6.0,1.0,2.0,0.0,30.0,0.0,2.0,520.0,6.0,500000.0,2000000.0,43.0,2024
2.0,23.0,1.0,6.0,3.0,0.0,3.0,,,,520.0,5.0,500000.0,2000000.0,43.0,2024
2.0,75.0,2.0,4.0,3.0,0.0,4.0,,,,819.0,4.0,0.0,0.0,43.0,2024
1.0,78.0,2.0,4.0,3.0,0.0,4.0,,,,819.0,4.0,0.0,0.0,43.0,2024
1.0,29.0,2.0,6.0,1.0,3.0,0.0,48.0,0.0,2.0,275.0,5.0,375000.0,375000.0,43.0,2024
1.0,52.0,2.0,4.0,1.0,1.0,0.0,48.0,0.0,2.0,797.0,4.0,200000.0,600000.0,43.0,2024
2.0,18.0,1.0,7.0,3.0,0.0,3.0,,,,797.0,5.0,200000.0,600000.0,43.0,2024
1.0,12.0,1.0,2.0,3.0,0.0,3.0,,,,797.0,1.0,200000.0,600000.0,43.0,2024
2.0,46.0,2.0,7.0,1.0,3.0,0.0,32.0,0.0,2.0,508.0,6.0,400000.0,400000.0,43.0,2024
2.0,45.0,2.0,6.0,1.0,3.0,0.0,48.0,0.0,2.0,604.0,5.0,220000.0,880000.0,43.0,2024
1.0,45.0,2.0,6.0,1.0,3.0,0.0,36.0,0.0,2.0,604.0,6.0,220000.0,880000.0,43.0,2024
1.0,25.0,2.0,6.0,1.0,3.0,0.0,40.0,0.0,2.0,615.0,5.0,630000.0,630000.0,43.0,2024
1.0,47.0,2.0,4.0,1.0,2.0,0.0,2.0,0.0,1.0,565.0,4.0,0.0,0.0,43.0,2024
2.0,53.0,2.0,4.0,1.0,3.0,0.0,24.0,0.0,1.0,565.0,4.0,0.0,0.0,43.0,2024
1.0,69.0,2.0,7.0,3.0,0.0,1.0,,,,1001.0,6.0,250000.0,500000.0,43.0,2024
2.0,68.0,2.0,4.0,3.0,0.0,1.0,,,,1001.0,4.0,250000.0,500000.0,43.0,2024
2.0,78.0,2.0,7.0,3.0,0.0,1.0,,,,1116.0,5.0,0.0,0.0,43.0,2024
2.0,51.0,2.0,7.0,1.0,3.0,0.0,40.0,0.0,2.0,1116.0,5.0,0.0,0.0,43.0,2024
1.0,15.0,1.0,4.0,3.0,0.0,3.0,,,,1116.0,3.0,0.0,0.0,43.0,2024
2.0,27.0,2.0,4.0,3.0,0.0,4.0,,,,621.0,4.0,100000.0,400000.0,43.0,2024
1.0,28.0,2.0,4.0,1.0,3.0,0.0,53.0,0.0,1.0,621.0,4.0,100000.0,400000.0,43.0,2024
2.0,6.0,1.0,2.0,4.0,0.0,3.0,,,,621.0,1.0,100000.0,400000.0,43.0,2024
2.0,2.0,3.0,0.0,4.0,0.0,5.0,,,,621.0,7.0,100000.0,400000.0,43.0,2024
2.0,44.0,2.0,7.0,1.0,3.0,0.0,0.0,0.0,2.0,577.0,6.0,0.0,0.0,43.0,2024
1.0,51.0,2.0,7.0,1.0,3.0,0.0,0.0,0.0,2.0,577.0,6.0,0.0,0.0,43.0,2024
2.0,74.0,2.0,7.0,3.0,0.0,1.0,,,,807.0,6.0,0.0,0.0,43.0,2024
1.0,34.0,1.0,7.0,1.0,3.0,0.0,72.0,0.0,2.0,498.0,5.0,750000.0,750000.0,43.0,2024
1.0,68.0,2.0,4.0,3.0,0.0,1.0,,,,539.0,3.0,113500.0,227000.0,43.0,2024
2.0,63.0,2.0,4.0,3.0,0.0,1.0,,,,539.0,3.0,113500.0,227000.0,43.0,2024
2.0,45.0,1.0,6.0,1.0,3.0,0.0,6.0,14.0,1.0,525.0,5.0,0.0,0.0,43.0,2024
1.0,17.0,1.0,4.0,3.0,0.0,3.0,,,,525.0,3.0,0.0,0.0,43.0,2024
1.0,20.0,1.0,7.0,3.0,0.0,3.0,,,,525.0,5.0,0.0,0.0,43.0,2024
2.0,52.0,2.0,7.0,1.0,3.0,0.0,0.0,0.0,2.0,516.0,6.0,442500.0,885000.0,43.0,2024
1.0,76.0,2.0,4.0,3.0,0.0,4.0,,,,516.0,4.0,442500.0,885000.0,43.0,2024
2.0,41.0,2.0,4.0,1.0,2.0,0.0,45.0,0.0,2.0,461.0,4.0,140000.0,420000.0,43.0,2024
1.0,23.0,1.0,4.0,1.0,3.0,0.0,44.0,0.0,2.0,461.0,3.0,140000.0,420000.0,43.0,2024
2.0,16.0,1.0,4.0,3.0,0.0,3.0,,,,461.0,3.0,140000.0,420000.0,43.0,2024
2.0,39.0,1.0,7.0,1.0,3.0,0.0,45.0,0.0,2.0,820.0,5.0,207500.0,830000.0,43.0,2024
1.0,43.0,2.0,7.0,1.0,3.0,0.0,40.0,0.0,2.0,820.0,5.0,207500.0,830000.0,43.0,2024
1.0,14.0,1.0,4.0,3.0,0.0,3.0,,,,820.0,3.0,207500.0,830000.0,43.0,2024
1.0,12.0,1.0,4.0,3.0,0.0,3.0,,,,820.0,3.0,207500.0,830000.0,43.0,2024
1.0,62.0,2.0,4.0,1.0,3.0,0.0,6.0,0.0,1.0,557.0,4.0,0.0,0.0,43.0,2024
2.0,61.0,2.0,4.0,1.0,3.0,0.0,6.0,0.0,2.0,557.0,4.0,0.0,0.0,43.0,2024
2.0,27.0,2.0,7.0,1.0,3.0,0.0,25.0,0.0,2.0,557.0,6.0,0.0,0.0,43.0,2024
2.0,63.0,2.0,2.0,3.0,0.0,1.0,,,,384.0,2.0,153333.33,460000.0,43.0,2024
1.0,64.0,2.0,4.0,3.0,0.0,1.0,,,,384.0,4.0,153333.33,460000.0,43.0,2024
1.0,26.0,2.0,5.0,1.0,3.0,0.0,36.0,0.0,2.0,384.0,4.0,153333.33,460000.0,43.0,2024
1.0,47.0,2.0,4.0,1.0,3.0,0.0,36.0,0.0,2.0,476.0,3.0,170000.0,680000.0,43.0,2024
2.0,42.0,2.0,4.0,1.0,3.0,0.0,14.0,3.0,2.0,476.0,4.0,170000.0,680000.0,43.0,2024
2.0,23.0,1.0,7.0,1.0,3.0,0.0,51.0,0.0,2.0,476.0,5.0,170000.0,680000.0,43.0,2024
2.0,12.0,1.0,2.0,3.0,0.0,3.0,,,,476.0,1.0,170000.0,680000.0,43.0,2024
1.0,42.0,2.0,2.0,1.0,2.0,0.0,72.0,0.0,2.0,679.0,2.0,0.0,0.0,43.0,2024
1.0,59.0,2.0,4.0,1.0,2.0,0.0,20.0,0.0,1.0,357.0,3.0,0.0,0.0,43.0,2024
2.0,58.0,2.0,6.0,1.0,3.0,0.0,40.0,0.0,2.0,357.0,6.0,0.0,0.0,43.0,2024
1.0,28.0,1.0,7.0,1.0,3.0,0.0,48.0,0.0,2.0,357.0,5.0,0.0,0.0,43.0,2024
1.0,70.0,2.0,4.0,1.0,2.0,0.0,13.0,0.0,1.0,701.0,3.0,0.0,0.0,43.0,2024
2.0,65.0,2.0,2.0,3.0,0.0,1.0,,,,701.0,2.0,0.0,0.0,43.0,2024
1.0,38.0,2.0,4.0,1.0,3.0,0.0,48.0,0.0,2.0,701.0,4.0,0.0,0.0,43.0,2024
2.0,35.0,2.0,4.0,1.0,3.0,0.0,44.0,0.0,2.0,701.0,4.0,0.0,0.0,43.0,2024
2.0,65.0,2.0,4.0,3.0,0.0,1.0,,,,1080.0,4.0,288000.0,288000.0,43.0,2024
1.0,76.0,2.0,4.0,3.0,0.0,1.0,,,,1413.0,3.0,170000.0,340000.0,43.0,2024
2.0,73.0,2.0,4.0,3.0,0.0,1.0,,,,1413.0,3.0,170000.0,340000.0,43.0,2024
2.0,57.0,2.0,4.0,1.0,1.0,0.0,48.0,0.0,2.0,608.0,4.0,350000.0,700000.0,43.0,2024
1.0,50.0,2.0,4.0,1.0,3.0,0.0,48.0,0.0,2.0,608.0,4.0,350000.0,700000.0,43.0,2024
2.0,34.0,2.0,6.0,1.0,3.0,0.0,25.0,0.0,2.0,722.0,6.0,130000.0,650000.0,43.0,2024
1.0,30.0,2.0,4.0,1.0,3.0,0.0,20.0,0.0,2.0,722.0,4.0,130000.0,650000.0,43.0,2024
1.0,2.0,3.0,0.0,4.0,0.0,5.0,,,,722.0,7.0,130000.0,650000.0,43.0,2024
2.0,9.0,1.0,2.0,4.0,0.0,3.0,,,,722.0,1.0,130000.0,650000.0,43.0,2024
1.0,13.0,1.0,4.0,3.0,0.0,3.0,,,,722.0,3.0,130000.0,650000.0,43.0,2024
1.0,39.0,2.0,7.0,1.0,3.0,0.0,30.0,24.0,2.0,908.0,6.0,408333.33,1225000.0,43.0,2024
1.0,65.0,2.0,4.0,1.0,2.0,0.0,40.0,0.0,2.0,908.0,4.0,408333.33,1225000.0,43.0,2024
2.0,73.0,2.0,7.0,3.0,0.0,1.0,,,,908.0,6.0,408333.33,1225000.0,43.0,2024
1.0,58.0,2.0,7.0,3.0,0.0,1.0,,,,686.0,5.0,0.0,0.0,43.0,2024
2.0,53.0,2.0,2.0,1.0,3.0,0.0,56.0,0.0,2.0,686.0,2.0,0.0,0.0,43.0,2024
2.0,77.0,2.0,6.0,3.0,0.0,1.0,,,,1074.0,6.0,200000.0,200000.0,43.0,2024
2.0,63.0,2.0,4.0,3.0,0.0,4.0,,,,547.0,4.0,0.0,0.0,43.0,2024
1.0,63.0,2.0,4.0,1.0,2.0,0.0,40.0,0.0,2.0,547.0,4.0,0.0,0.0,43.0,2024
2.0,36.0,2.0,6.0,1.0,2.0,0.0,40.0,0.0,2.0,547.0,6.0,0.0,0.0,43.0,2024
2.0,26.0,2.0,6.0,1.0,2.0,0.0,40.0,0.0,2.0,547.0,6.0,0.0,0.0,43.0,2024
1.0,59.0,2.0,6.0,1.0,2.0,0.0,40.0,0.0,1.0,725.0,6.0,0.0,0.0,43.0,2024
2.0,56.0,2.0,4.0,1.0,2.0,0.0,40.0,0.0,1.0,725.0,4.0,0.0,0.0,43.0,2024
2.0,36.0,2.0,4.0,3.0,0.0,4.0,,,,984.0,3.0,97500.0,390000.0,43.0,2024
1.0,49.0,2.0,4.0,1.0,2.0,0.0,35.0,0.0,2.0,984.0,3.0,97500.0,390000.0,43.0,2024
1.0,9.0,1.0,2.0,4.0,0.0,3.0,,,,984.0,1.0,97500.0,390000.0,43.0,2024
2.0,10.0,1.0,2.0,3.0,0.0,3.0,,,,984.0,1.0,97500.0,390000.0,43.0,2024
2.0,32.0,2.0,6.0,1.0,1.0,0.0,48.0,0.0,2.0,911.0,6.0,0.0,0.0,43.0,2024
1.0,36.0,2.0,6.0,1.0,1.0,0.0,48.0,0.0,2.0,911.0,6.0,0.0,0.0,43.0,2024
1.0,9.0,1.0,2.0,4.0,0.0,3.0,,,,911.0,1.0,0.0,0.0,43.0,2024
1.0,3.0,1.0,1.0,4.0,0.0,5.0,,,,911.0,7.0,0.0,0.0,43.0,2024
1.0,42.0,2.0,2.0,1.0,3.0,0.0,60.0,0.0,2.0,484.0,2.0,300000.0,300000.0,43.0,2024
2.0,31.0,2.0,6.0,1.0,3.0,0.0,45.0,0.0,2.0,416.0,6.0,560000.0,1120000.0,43.0,2024
1.0,31.0,2.0,7.0,1.0,2.0,0.0,31.0,0.0,1.0,416.0,6.0,560000.0,1120000.0,43.0,2024
2.0,83.0,2.0,2.0,3.0,0.0,4.0,,,,783.0,2.0,0.0,0.0,43.0,2024
1.0,71.0,2.0,6.0,1.0,2.0,0.0,42.0,0.0,1.0,783.0,6.0,0.0,0.0,43.0,2024
1.0,67.0,2.0,4.0,1.0,3.0,0.0,60.0,0.0,2.0,783.0,4.0,0.0,0.0,43.0,2024
2.0,51.0,2.0,4.0,1.0,3.0,0.0,50.0,0.0,2.0,380.0,4.0,222500.0,445000.0,43.0,2024
2.0,16.0,1.0,4.0,3.0,0.0,3.0,,,,380.0,3.0,222500.0,445000.0,43.0,2024
1.0,42.0,2.0,7.0,1.0,3.0,0.0,48.0,0.0,2.0,772.0,6.0,150000.0,600000.0,43.0,2024
2.0,44.0,2.0,7.0,2.0,2.0,0.0,,,,772.0,6.0,150000.0,600000.0,43.0,2024
1.0,15.0,1.0,4.0,3.0,0.0,3.0,,,,772.0,3.0,150000.0,600000.0,43.0,2024
2.0,11.0,1.0,2.0,3.0,0.0,3.0,,,,772.0,1.0,150000.0,600000.0,43.0,2024
2.0,66.0,2.0,2.0,2.0,0.0,0.0,,,,1004.0,2.0,0.0,0.0,43.0,2024
1.0,31.0,2.0,4.0,3.0,0.0,4.0,,,,1004.0,3.0,0.0,0.0,43.0,2024
2.0,34.0,2.0,4.0,1.0,2.0,0.0,48.0,0.0,2.0,476.0,4.0,135000.0,270000.0,43.0,2024
2.0,12.0,1.0,2.0,3.0,0.0,3.0,,,,476.0,1.0,135000.0,270000.0,43.0,2024
1.0,52.0,2.0,4.0,1.0,2.0,0.0,43.0,0.0,2.0,435.0,4.0,200000.0,400000.0,43.0,2024
2.0,15.0,1.0,4.0,3.0,0.0,3.0,,,,435.0,3.0,200000.0,400000.0,43.0,2024
2.0,80.0,2.0,2.0,3.0,0.0,4.0,,,,1072.0,2.0,160700.0,160700.0,43.0,2024
1.0,43.0,2.0,4.0,1.0,3.0,0.0,42.0,0.0,2.0,891.0,4.0,75000.0,300000.0,43.0,2024
2.0,41.0,2.0,4.0,3.0,0.0,4.0,,,,891.0,4.0,75000.0,300000.0,43.0,2024
1.0,8.0,1.0,2.0,4.0,0.0,3.0,,,,891.0,1.0,75000.0,300000.0,43.0,2024
1.0,13.0,1.0,4.0,3.0,0.0,3.0,,,,891.0,3.0,75000.0,300000.0,43.0,2024
1.0,47.0,2.0,2.0,1.0,3.0,0.0,30.0,0.0,2.0,756.0,2.0,0.0,0.0,43.0,2024
2.0,41.0,2.0,2.0,1.0,3.0,0.0,48.0,0.0,2.0,756.0,2.0,0.0,0.0,43.0,2024
1.0,19.0,2.0,4.0,3.0,0.0,7.0,,,,756.0,4.0,0.0,0.0,43.0,2024
1.0,17.0,1.0,4.0,1.0,3.0,0.0,40.0,0.0,2.0,756.0,3.0,0.0,0.0,43.0,2024
2.0,14.0,1.0,4.0,3.0,0.0,3.0,,,,756.0,3.0,0.0,0.0,43.0,2024
1.0,2.0,1.0,1.0,4.0,0.0,5.0,,,,756.0,7.0,0.0,0.0,43.0,2024
2.0,19.0,2.0,4.0,3.0,0.0,4.0,,,,756.0,4.0,0.0,0.0,43.0,2024
1.0,45.0,2.0,7.0,1.0,3.0,0.0,30.0,30.0,2.0,580.0,6.0,0.0,0.0,43.0,2024
2.0,52.0,2.0,7.0,1.0,3.0,0.0,40.0,20.0,2.0,580.0,6.0,0.0,0.0,43.0,2024
1.0,18.0,2.0,4.0,3.0,0.0,4.0,,,,580.0,4.0,0.0,0.0,43.0,2024
1.0,40.0,2.0,4.0,1.0,2.0,0.0,48.0,0.0,2.0,651.0,4.0,0.0,0.0,43.0,2024
1.0,71.0,2.0,4.0,3.0,0.0,1.0,,,,854.0,4.0,224000.0,224000.0,43.0,2024
1.0,40.0,2.0,4.0,1.0,3.0,0.0,25.0,0.0,1.0,671.0,4.0,0.0,0.0,43.0,2024
2.0,39.0,2.0,6.0,1.0,3.0,0.0,48.0,0.0,2.0,671.0,6.0,0.0,0.0,43.0,2024
1.0,3.0,1.0,1.0,4.0,0.0,5.0,,,,671.0,7.0,0.0,0.0,43.0,2024
1.0,6.0,1.0,2.0,4.0,0.0,3.0,,,,671.0,1.0,0.0,0.0,43.0,2024
2.0,52.0,1.0,4.0,1.0,2.0,0.0,8.0,0.0,1.0,735.0,3.0,85000.0,170000.0,43.0,2024
1.0,10.0,1.0,2.0,3.0,0.0,3.0,,,,735.0,1.0,85000.0,170000.0,43.0,2024
2.0,42.0,2.0,4.0,1.0,3.0,0.0,7.0,14.0,1.0,738.0,4.0,312500.0,625000.0,43.0,2024
2.0,10.0,1.0,2.0,3.0,0.0,3.0,,,,738.0,1.0,312500.0,625000.0,43.0,2024
2.0,81.0,2.0,2.0,3.0,0.0,4.0,,,,1076.0,2.0,0.0,0.0,43.0,2024
1.0,63.0,2.0,4.0,3.0,0.0,1.0,,,,643.0,3.0,0.0,0.0,43.0,2024
2.0,62.0,2.0,4.0,3.0,0.0,4.0,,,,643.0,3.0,0.0,0.0,43.0,2024
1.0,29.0,2.0,6.0,1.0,3.0,0.0,48.0,2.0,2.0,643.0,6.0,0.0,0.0,43.0,2024
1.0,24.0,2.0,4.0,1.0,3.0,0.0,36.0,0.0,2.0,517.0,4.0,233333.33,700000.0,43.0,2024
2.0,22.0,1.0,4.0,3.0,0.0,3.0,,,,517.0,3.0,233333.33,700000.0,43.0,2024
1.0,1.0,0.0,0.0,4.0,0.0,5.0,,,,517.0,7.0,233333.33,700000.0,43.0,2024
1.0,35.0,2.0,4.0,1.0,1.0,0.0,40.0,0.0,2.0,572.0,4.0,0.0,0.0,43.0,2024
2.0,24.0,2.0,4.0,1.0,3.0,0.0,40.0,0.0,2.0,572.0,4.0,0.0,0.0,43.0,2024
1.0,57.0,2.0,2.0,2.0,3.0,0.0,,,,419.0,2.0,200000.0,600000.0,43.0,2024
2.0,52.0,2.0,2.0,1.0,3.0,0.0,48.0,0.0,2.0,419.0,2.0,200000.0,600000.0,43.0,2024
1.0,20.0,1.0,7.0,3.0,0.0,3.0,,,,419.0,5.0,200000.0,600000.0,43.0,2024
1.0,6.0,1.0,2.0,4.0,0.0,3.0,,,,790.0,1.0,0.0,0.0,43.0,2024
1.0,39.0,2.0,4.0,1.0,2.0,0.0,30.0,10.0,1.0,510.0,4.0,0.0,0.0,43.0,2024
2.0,42.0,2.0,4.0,1.0,3.0,0.0,20.0,0.0,2.0,510.0,4.0,0.0,0.0,43.0,2024
2.0,13.0,1.0,4.0,3.0,0.0,3.0,,,,510.0,3.0,0.0,0.0,43.0,2024
1.0,46.0,2.0,6.0,1.0,2.0,0.0,70.0,0.0,2.0,911.0,6.0,187500.0,750000.0,43.0,2024
2.0,45.0,2.0,6.0,1.0,3.0,0.0,49.0,0.0,2.0,911.0,6.0,187500.0,750000.0,43.0,2024
1.0,7.0,1.0,2.0,4.0,0.0,3.0,,,,911.0,1.0,187500.0,750000.0,43.0,2024
1.0,13.0,1.0,4.0,3.0,0.0,3.0,,,,911.0,3.0,187500.0,750000.0,43.0,2024
1.0,47.0,2.0,4.0,1.0,2.0,0.0,40.0,0.0,2.0,718.0,4.0,0.0,0.0,43.0,2024
1.0,48.0,2.0,2.0,1.0,2.0,0.0,48.0,0.0,2.0,653.0,2.0,62500.0,250000.0,43.0,2024
2.0,45.0,2.0,4.0,1.0,2.0,0.0,36.0,0.0,2.0,653.0,3.0,62500.0,250000.0,43.0,2024
1.0,11.0,1.0,2.0,3.0,0.0,3.0,,,,653.0,1.0,62500.0,250000.0,43.0,2024
2.0,12.0,1.0,4.0,3.0,0.0,3.0,,,,653.0,3.0,62500.0,250000.0,43.0,2024
1.0,65.0,2.0,7.0,1.0,2.0,0.0,70.0,0.0,2.0,459.0,5.0,0.0,0.0,43.0,2024
2.0,55.0,2.0,4.0,3.0,0.0,4.0,,,,459.0,4.0,0.0,0.0,43.0,2024
2.0,22.0,1.0,7.0,3.0,0.0,3.0,,,,459.0,5.0,0.0,0.0,43.0,2024
1.0,17.0,1.0,4.0,3.0,0.0,3.0,,,,459.0,3.0,0.0,0.0,43.0,2024
2.0,51.0,2.0,4.0,1.0,3.0,0.0,40.0,0.0,2.0,482.0,3.0,0.0,0.0,43.0,2024
1.0,27.0,1.0,6.0,1.0,2.0,0.0,40.0,25.0,2.0,482.0,5.0,0.0,0.0,43.0,2024
2.0,26.0,2.0,4.0,1.0,3.0,0.0,8.0,4.0,2.0,482.0,3.0,0.0,0.0,43.0,2024
2.0,23.0,2.0,4.0,1.0,3.0,0.0,12.0,6.0,2.0,482.0,4.0,0.0,0.0,43.0,2024
2.0,18.0,2.0,4.0,3.0,0.0,4.0,,,,482.0,4.0,0.0,0.0,43.0,2024
2.0,67.0,2.0,4.0,1.0,3.0,0.0,30.0,0.0,2.0,1110.0,4.0,255000.0,510000.0,43.0,2024
1.0,69.0,2.0,4.0,3.0,0.0,1.0,,,,1110.0,4.0,255000.0,510000.0,43.0,2024
2.0,40.0,2.0,7.0,1.0,2.0,0.0,30.0,0.0,2.0,790.0,6.0,0.0,0.0,43.0,2024
1.0,39.0,2.0,4.0,1.0,2.0,0.0,54.0,0.0,2.0,790.0,4.0,0.0,0.0,43.0,2024
1.0,53.0,2.0,4.0,1.0,2.0,0.0,72.0,0.0,1.0,571.0,4.0,0.0,0.0,43.0,2024
2.0,35.0,2.0,4.0,3.0,0.0,4.0,,,,571.0,3.0,0.0,0.0,43.0,2024
1.0,16.0,1.0,4.0,1.0,3.0,0.0,8.0,0.0,2.0,571.0,3.0,0.0,0.0,43.0,2024
1.0,11.0,1.0,4.0,3.0,0.0,3.0,,,,571.0,3.0,0.0,0.0,43.0,2024
1.0,59.0,2.0,2.0,3.0,0.0,4.0,,,,507.0,1.0,0.0,0.0,43.0,2024
2.0,50.0,2.0,2.0,1.0,3.0,0.0,48.0,0.0,2.0,507.0,1.0,0.0,0.0,43.0,2024
2.0,24.0,2.0,2.0,1.0,3.0,0.0,48.0,0.0,1.0,507.0,2.0,0.0,0.0,43.0,2024
2.0,19.0,2.0,4.0,1.0,3.0,0.0,12.0,0.0,1.0,507.0,4.0,0.0,0.0,43.0,2024
1.0,23.0,2.0,4.0,1.0,3.0,0.0,48.0,0.0,1.0,507.0,3.0,0.0,0.0,43.0,2024
1.0,7.0,1.0,2.0,4.0,0.0,3.0,,,,507.0,1.0,0.0,0.0,43.0,2024
1.0,29.0,1.0,6.0,1.0,3.0,0.0,48.0,0.0,1.0,513.0,5.0,140000.0,280000.0,43.0,2024
2.0,27.0,1.0,6.0,2.0,3.0,0.0,,,,513.0,5.0,140000.0,280000.0,43.0,2024
2.0,38.0,2.0,4.0,3.0,0.0,4.0,,,,1371.0,4.0,100000.0,300000.0,43.0,2024
1.0,41.0,2.0,4.0,1.0,3.0,0.0,48.0,0.0,2.0,1371.0,4.0,100000.0,300000.0,43.0,2024
2.0,7.0,1.0,2.0,4.0,0.0,3.0,,,,1371.0,1.0,100000.0,300000.0,43.0,2024
1.0,69.0,2.0,7.0,3.0,0.0,1.0,,,,1112.0,5.0,0.0,0.0,43.0,2024
2.0,70.0,2.0,7.0,3.0,0.0,1.0,,,,1112.0,6.0,0.0,0.0,43.0,2024
2.0,78.0,2.0,2.0,3.0,0.0,1.0,,,,1188.0,2.0,230000.0,230000.0,43.0,2024
1.0,52.0,2.0,7.0,1.0,3.0,0.0,0.0,0.0,2.0,363.0,5.0,500000.0,1500000.0,43.0,2024
2.0,57.0,2.0,7.0,1.0,2.0,0.0,20.0,0.0,1.0,363.0,6.0,500000.0,1500000.0,43.0,2024
1.0,21.0,1.0,7.0,2.0,0.0,0.0,,,,363.0,5.0,500000.0,1500000.0,43.0,2024
2.0,85.0,2.0,4.0,3.0,0.0,1.0,,,,323.0,3.0,0.0,0.0,43.0,2024
2.0,65.0,2.0,8.0,1.0,3.0,0.0,44.0,0.0,2.0,790.0,6.0,0.0,0.0,43.0,2024
2.0,36.0,2.0,4.0,1.0,3.0,0.0,44.0,0.0,2.0,790.0,4.0,0.0,0.0,43.0,2024
1.0,74.0,2.0,2.0,3.0,0.0,1.0,,,,835.0,2.0,222000.0,222000.0,43.0,2024
1.0,49.0,2.0,7.0,1.0,3.0,0.0,40.0,0.0,2.0,880.0,5.0,0.0,0.0,43.0,2024
2.0,49.0,2.0,7.0,1.0,3.0,0.0,40.0,0.0,2.0,880.0,6.0,0.0,0.0,43.0,2024
1.0,23.0,1.0,7.0,3.0,0.0,3.0,,,,880.0,5.0,0.0,0.0,43.0,2024
2.0,18.0,2.0,1.0,3.0,0.0,7.0,,,,880.0,7.0,0.0,0.0,43.0,2024
1.0,54.0,2.0,7.0,1.0,2.0,0.0,48.0,0.0,2.0,1259.0,6.0,0.0,0.0,43.0,2024
1.0,48.0,2.0,4.0,1.0,3.0,0.0,72.0,0.0,2.0,468.0,4.0,233333.33,700000.0,43.0,2024
2.0,39.0,2.0,4.0,2.0,3.0,0.0,,,,468.0,4.0,233333.33,700000.0,43.0,2024
2.0,8.0,1.0,2.0,4.0,0.0,3.0,,,,468.0,1.0,233333.33,700000.0,43.0,2024
1.0,39.0,2.0,3.0,1.0,3.0,0.0,40.0,0.0,1.0,704.0,3.0,50000.0,200000.0,43.0,2024
2.0,40.0,2.0,3.0,3.0,0.0,4.0,,,,704.0,2.0,50000.0,200000.0,43.0,2024
2.0,16.0,1.0,4.0,3.0,0.0,3.0,,,,704.0,3.0,50000.0,200000.0,43.0,2024
2.0,9.0,1.0,2.0,4.0,0.0,3.0,,,,704.0,1.0,50000.0,200000.0,43.0,2024
2.0,40.0,2.0,2.0,1.0,3.0,0.0,48.0,0.0,2.0,609.0,1.0,0.0,0.0,43.0,2024
1.0,36.0,2.0,4.0,1.0,3.0,0.0,0.0,0.0,2.0,609.0,3.0,0.0,0.0,43.0,2024
2.0,21.0,2.0,4.0,2.0,3.0,0.0,,,,609.0,4.0,0.0,0.0,43.0,2024
1.0,19.0,2.0,4.0,1.0,3.0,0.0,30.0,0.0,1.0,609.0,4.0,0.0,0.0,43.0,2024
1.0,61.0,2.0,4.0,1.0,3.0,0.0,48.0,0.0,2.0,314.0,4.0,116666.67,350000.0,43.0,2024
2.0,57.0,2.0,4.0,3.0,0.0,4.0,,,,314.0,4.0,116666.67,350000.0,43.0,2024
2.0,19.0,1.0,7.0,3.0,0.0,3.0,,,,314.0,5.0,116666.67,350000.0,43.0,2024
1.0,64.0,2.0,4.0,1.0,2.0,0.0,12.0,0.0,1.0,758.0,4.0,60000.0,60000.0,43.0,2024
2.0,60.0,2.0,2.0,1.0,3.0,0.0,9.0,0.0,1.0,382.0,2.0,0.0,0.0,43.0,2024
1.0,23.0,2.0,4.0,2.0,3.0,0.0,,,,382.0,4.0,0.0,0.0,43.0,2024
2.0,24.0,2.0,4.0,2.0,3.0,0.0,,,,382.0,4.0,0.0,0.0,43.0,2024
