ch04,ch06,ch10,ch12,estado,cat_ocup,cat_inac,pp3e_tot,pp3f_tot,pp03g,pondera,nivel_ed,ipcf,itf,region,ano4
2,74,2,2,3,0,1,,,,885,1,208000.0,208000.0,43,2024
2,43,2,7,1,2,0,40.0,0.0,2.0,1441,6,0.0,0.0,43,2024
1,45,2,7,1,3,0,40.0,0.0,2.0,1441,6,0.0,0.0,43,2024
2,14,1,4,3,0,3,,,,1441,3,0.0,0.0,43,2024
2,12,1,4,3,0,3,,,,1441,3,0.0,0.0,43,2024
1,7,1,2,4,0,3,,,,1441,1,0.0,0.0,43,2024
1,67,2,2,3,0,1,,,,472,1,133750.0,535000.0,43,2024
2,64,2,2,3,0,4,,,,472,2,133750.0,535000.0,43,2024
1,28,2,4,1,2,0,40.0,0.0,2.0,472,3,133750.0,535000.0,43,2024
2,26,2,4,2,3,0,,,,472,4,133750.0,535000.0,43,2024
2,56,2,7,3,0,4,,,,640,5,15000.0,30000.0,43,2024
1,57,2,4,1,2,0,4.0,0.0,1.0,640,3,15000.0,30000.0,43,2024
2,41,2,4,1,3,0,54.0,0.0,2.0,542,3,0.0,0.0,43,2024
1,22,2,4,1,3,0,20.0,0.0,2.0,542,4,0.0,0.0,43,2024
2,17,1,4,3,0,3,,,,542,3,0.0,0.0,43,2024
2,14,1,4,3,0,3,,,,542,3,0.0,0.0,43,2024
2,15,1,4,3,0,3,,,,542,3,0.0,0.0,43,2024
2,4,1,1,4,0,5,,,,542,7,0.0,0.0,43,2024
1,17,1,4,1,2,0,40.0,0.0,2.0,542,3,0.0,0.0,43,2024
1,60,2,7,1,2,0,48.0,0.0,2.0,880,6,0.0,0.0,43,2024
2,52,2,7,1,3,0,36.0,0.0,2.0,880,6,0.0,0.0,43,2024
2,25,2,7,1,3,0,40.0,0.0,2.0,880,6,0.0,0.0,43,2024
1,17,2,2,3,0,7,,,,880,1,0.0,0.0,43,2024
1,65,2,4,1,3,0,24.0,0.0,1.0,673,4,0.0,0.0,43,2024
1,15,1,4,3,0,3,,,,673,3,0.0,0.0,43,2024
1,14,1,4,3,0,3,,,,673,3,0.0,0.0,43,2024
1,10,1,2,3,0,3,,,,673,1,0.0,0.0,43,2024
1,49,2,4,1,3,0,38.0,0.0,2.0,361,4,0.0,0.0,43,2024
2,33,2,4,1,3,0,84.0,0.0,2.0,361,4,0.0,0.0,43,2024
2,54,2,6,1,2,0,28.0,0.0,2.0,346,6,243333.33,730000.0,43,2024
2,20,1,7,1,3,0,54.0,0.0,2.0,346,5,243333.33,730000.0,43,2024
2,18,1,7,1,3,0,30.0,0.0,2.0,346,5,243333.33,730000.0,43,2024
2,45,2,7,1,3,0,30.0,0.0,1.0,297,6,360000.0,1080000.0,43,2024
2,18,1,6,1,3,0,8.0,0.0,2.0,297,5,360000.0,1080000.0,43,2024
2,16,1,4,3,0,3,,,,297,3,360000.0,1080000.0,43,2024
2,49,2,6,1,3,0,20.0,0.0,2.0,466,6,275000.0,550000.0,43,2024
2,83,2,4,3,0,1,,,,466,4,275000.0,550000.0,43,2024
1,76,2,4,1,2,0,15.0,0.0,2.0,735,4,240000.0,240000.0,43,2024
2,74,2,6,3,0,1,,,,1413,6,300000.0,300000.0,43,2024
2,77,2,4,3,0,1,,,,903,4,250000.0,500000.0,43,2024
1,79,2,4,3,0,1,,,,903,4,250000.0,500000.0,43,2024
1,29,2,7,1,3,0,40.0,12.0,2.0,834,6,0.0,0.0,43,2024
2,29,2,7,1,2,0,40.0,0.0,2.0,834,6,0.0,0.0,43,2024
1,57,2,4,1,2,0,70.0,0.0,2.0,477,3,0.0,0.0,43,2024
2,53,2,4,3,0,4,,,,477,3,0.0,0.0,43,2024
1,18,2,4,3,0,7,,,,477,4,0.0,0.0,43,2024
1,40,2,4,1,2,0,40.0,0.0,2.0,573,4,275000.0,550000.0,43,2024
2,30,2,6,1,2,0,30.0,0.0,1.0,573,6,275000.0,550000.0,43,2024
1,63,2,6,1,3,0,51.0,0.0,2.0,580,6,0.0,0.0,43,2024
2,50,2,4,1,3,0,56.0,0.0,2.0,580,3,0.0,0.0,43,2024
1,18,1,4,1,3,0,48.0,0.0,2.0,580,3,0.0,0.0,43,2024
1,50,2,4,1,1,0,84.0,0.0,2.0,486,3,333333.33,1000000.0,43,2024
2,51,2,6,1,1,0,15.0,0.0,2.0,486,6,333333.33,1000000.0,43,2024
1,15,1,4,3,0,3,,,,486,3,333333.33,1000000.0,43,2024
2,25,2,4,3,0,4,,,,537,3,0.0,0.0,43,2024
2,31,2,2,1,3,0,9.0,0.0,1.0,537,2,0.0,0.0,43,2024
2,4,3,0,4,0,5,,,,537,7,0.0,0.0,43,2024
1,7,1,2,4,0,3,,,,537,1,0.0,0.0,43,2024
2,10,1,2,3,0,3,,,,537,1,0.0,0.0,43,2024
2,32,2,4,1,3,0,25.0,0.0,2.0,537,4,0.0,0.0,43,2024
1,61,2,2,1,2,0,49.0,0.0,2.0,476,2,133333.33,400000.0,43,2024
2,58,2,4,3,0,4,,,,476,4,133333.33,400000.0,43,2024
1,20,2,4,3,0,7,,,,476,4,133333.33,400000.0,43,2024
2,36,2,4,1,3,0,60.0,0.0,2.0,1095,4,270000.0,540000.0,43,2024
2,10,1,2,3,0,3,,,,1095,1,270000.0,540000.0,43,2024
1,39,2,2,1,3,0,44.0,0.0,2.0,682,2,157333.33,472000.0,43,2024
2,28,1,7,3,0,3,,,,682,5,157333.33,472000.0,43,2024
2,-1,0,0,4,0,5,,,,682,7,157333.33,472000.0,43,2024
1,47,2,2,1,3,0,60.0,0.0,2.0,604,2,400000.0,400000.0,43,2024
2,33,2,4,3,0,4,,,,935,3,250000.0,1000000.0,43,2024
2,7,1,2,4,0,3,,,,935,1,250000.0,1000000.0,43,2024
1,8,1,2,4,0,3,,,,935,1,250000.0,1000000.0,43,2024
2,34,2,7,1,2,0,30.0,0.0,2.0,574,5,0.0,0.0,43,2024
1,42,2,7,1,2,0,20.0,0.0,1.0,574,5,0.0,0.0,43,2024
1,9,1,2,4,0,3,,,,574,1,0.0,0.0,43,2024
2,5,1,2,4,0,5,,,,574,1,0.0,0.0,43,2024
2,31,2,4,2,3,0,,,,716,3,94500.0,378000.0,43,2024
1,31,2,4,1,3,0,40.0,0.0,1.0,716,4,94500.0,378000.0,43,2024
1,9,1,2,4,0,3,,,,716,1,94500.0,378000.0,43,2024
2,2,3,0,4,0,5,,,,716,7,94500.0,378000.0,43,2024
2,2,3,0,4,0,5,,,,935,7,250000.0,1000000.0,43,2024
1,37,2,6,1,3,0,40.0,0.0,2.0,869,6,145000.0,580000.0,43,2024
2,36,2,4,1,3,0,24.0,0.0,2.0,869,4,145000.0,580000.0,43,2024
1,14,1,4,3,0,3,,,,869,3,145000.0,580000.0,43,2024
2,5,1,1,4,0,5,,,,869,7,145000.0,580000.0,43,2024
1,82,2,2,3,0,1,,,,672,1,0.0,0.0,43,2024
1,43,2,4,1,3,0,45.0,0.0,2.0,672,4,0.0,0.0,43,2024
2,40,2,4,1,2,0,15.0,0.0,1.0,672,3,0.0,0.0,43,2024
1,21,2,4,1,3,0,42.0,0.0,2.0,672,4,0.0,0.0,43,2024
1,36,2,4,1,3,0,40.0,0.0,2.0,782,3,96000.0,480000.0,43,2024
2,31,2,4,1,3,0,36.0,0.0,2.0,782,3,96000.0,480000.0,43,2024
1,8,1,2,4,0,3,,,,782,1,96000.0,480000.0,43,2024
2,3,1,1,4,0,5,,,,782,7,96000.0,480000.0,43,2024
2,57,2,2,1,3,0,36.0,0.0,2.0,782,2,96000.0,480000.0,43,2024
2,33,2,4,1,3,0,22.0,0.0,1.0,683,4,0.0,0.0,43,2024
2,11,1,4,3,0,3,,,,683,3,0.0,0.0,43,2024
1,55,2,4,1,3,0,36.0,0.0,2.0,612,4,0.0,0.0,43,2024
2,50,2,2,3,0,4,,,,612,2,0.0,0.0,43,2024
1,30,1,6,1,3,0,36.0,0.0,2.0,612,5,0.0,0.0,43,2024
2,21,1,6,1,3,0,24.0,0.0,2.0,612,5,0.0,0.0,43,2024
2,23,2,2,3,0,4,,,,549,2,0.0,0.0,43,2024
1,5,1,1,4,0,5,,,,549,7,0.0,0.0,43,2024
1,25,2,4,1,3,0,50.0,0.0,2.0,549,3,0.0,0.0,43,2024
1,21,2,4,1,2,0,35.0,0.0,1.0,549,3,0.0,0.0,43,2024
2,78,2,2,3,0,4,,,,378,2,126250.0,505000.0,43,2024
2,45,2,4,1,3,0,40.0,9.0,2.0,378,4,126250.0,505000.0,43,2024
1,21,2,4,3,0,4,,,,378,4,126250.0,505000.0,43,2024
2,19,2,4,3,0,4,,,,378,4,126250.0,505000.0,43,2024
2,26,2,6,1,3,0,48.0,0.0,2.0,824,5,0.0,0.0,43,2024
1,26,2,4,1,3,0,72.0,0.0,2.0,824,4,0.0,0.0,43,2024
2,74,2,2,3,0,1,,,,566,2,160000.0,320000.0,43,2024
1,75,2,2,3,0,1,,,,566,2,160000.0,320000.0,43,2024
2,47,2,7,1,3,0,35.0,0.0,2.0,510,6,162500.0,650000.0,43,2024
1,45,2,4,1,3,0,40.0,0.0,2.0,510,4,162500.0,650000.0,43,2024
1,14,1,4,3,0,3,,,,510,3,162500.0,650000.0,43,2024
2,17,1,4,3,0,3,,,,510,3,162500.0,650000.0,43,2024
2,58,2,6,1,3,0,25.0,20.0,2.0,535,6,0.0,0.0,43,2024
2,67,1,7,1,3,0,8.0,0.0,2.0,629,5,0.0,0.0,43,2024
2,39,2,7,1,3,0,30.0,0.0,2.0,629,5,0.0,0.0,43,2024
1,32,2,4,1,3,0,40.0,0.0,2.0,847,4,0.0,0.0,43,2024
2,32,1,4,3,0,3,,,,847,3,0.0,0.0,43,2024
2,9,1,2,4,0,3,,,,847,1,0.0,0.0,43,2024
2,6,1,2,4,0,3,,,,847,1,0.0,0.0,43,2024
1,51,2,7,1,1,0,72.0,0.0,2.0,678,6,0.0,0.0,43,2024
2,53,2,6,3,0,6,,,,678,6,0.0,0.0,43,2024
1,38,2,6,1,2,0,40.0,0.0,2.0,1371,6,0.0,0.0,43,2024
2,43,2,6,1,2,0,20.0,0.0,1.0,1371,6,0.0,0.0,43,2024
2,6,1,2,4,0,3,,,,1371,1,0.0,0.0,43,2024
1,87,2,2,3,0,1,,,,740,2,300000.0,300000.0,43,2024
2,55,2,4,2,3,0,,,,523,3,130000.0,260000.0,43,2024
1,60,2,2,1,3,0,48.0,0.0,2.0,523,1,130000.0,260000.0,43,2024
2,65,2,4,3,0,1,,,,852,4,0.0,0.0,43,2024
1,32,2,6,1,1,0,54.0,0.0,2.0,852,5,0.0,0.0,43,2024
1,25,2,6,1,3,0,48.0,0.0,2.0,852,5,0.0,0.0,43,2024
1,47,2,4,1,3,0,30.0,0.0,1.0,921,4,280000.0,1400000.0,43,2024
2,44,2,7,1,3,0,20.0,20.0,1.0,921,6,280000.0,1400000.0,43,2024
1,9,1,2,4,0,3,,,,921,1,280000.0,1400000.0,43,2024
1,7,1,2,4,0,3,,,,921,1,280000.0,1400000.0,43,2024
2,3,1,1,4,0,5,,,,921,7,280000.0,1400000.0,43,2024
2,74,2,7,3,0,1,,,,1081,6,200000.0,200000.0,43,2024
1,81,2,2,3,0,1,,,,901,2,180000.0,360000.0,43,2024
2,84,2,4,3,0,4,,,,901,4,180000.0,360000.0,43,2024
2,75,2,6,3,0,1,,,,861,6,0.0,0.0,43,2024
1,19,1,7,3,0,3,,,,861,5,0.0,0.0,43,2024
1,24,2,4,1,3,0,74.0,0.0,2.0,506,3,0.0,0.0,43,2024
1,59,2,2,1,3,0,56.0,0.0,2.0,506,1,0.0,0.0,43,2024
2,60,2,2,3,0,1,,,,374,1,220000.0,440000.0,43,2024
2,63,2,2,3,0,1,,,,374,1,220000.0,440000.0,43,2024
2,32,2,4,3,0,4,,,,523,4,0.0,0.0,43,2024
1,36,2,2,1,1,0,60.0,0.0,2.0,523,2,0.0,0.0,43,2024
1,3,1,1,4,0,5,,,,523,7,0.0,0.0,43,2024
2,1,0,0,4,0,5,,,,523,7,0.0,0.0,43,2024
2,17,1,4,1,3,0,6.0,0.0,2.0,523,3,0.0,0.0,43,2024
1,20,2,2,1,3,0,60.0,0.0,2.0,523,2,0.0,0.0,43,2024
1,25,2,4,1,3,0,36.0,0.0,2.0,430,4,0.0,0.0,43,2024
2,58,2,7,3,0,1,,,,430,6,0.0,0.0,43,2024
1,62,2,2,1,2,0,36.0,0.0,2.0,430,2,0.0,0.0,43,2024
2,22,1,7,1,3,0,25.0,0.0,2.0,430,5,0.0,0.0,43,2024
1,31,2,6,1,2,0,48.0,0.0,2.0,592,6,0.0,0.0,43,2024
2,60,2,4,3,0,4,,,,592,3,0.0,0.0,43,2024
1,63,2,2,1,2,0,24.0,0.0,1.0,592,2,0.0,0.0,43,2024
1,16,1,4,3,0,3,,,,592,3,0.0,0.0,43,2024
2,33,2,5,1,3,0,28.0,0.0,1.0,656,3,43333.33,130000.0,43,2024
2,15,1,4,3,0,3,,,,656,3,43333.33,130000.0,43,2024
2,42,2,2,1,2,0,35.0,0.0,2.0,605,1,258333.33,775000.0,43,2024
2,52,2,2,1,2,0,3.0,0.0,1.0,464,2,0.0,0.0,43,2024
2,24,1,7,3,0,3,,,,464,5,0.0,0.0,43,2024
1,17,1,7,3,0,3,,,,464,5,0.0,0.0,43,2024
1,65,2,4,3,0,1,,,,891,4,163333.33,490000.0,43,2024
2,68,2,4,3,0,4,,,,891,4,163333.33,490000.0,43,2024
1,36,2,2,3,0,6,,,,891,1,163333.33,490000.0,43,2024
1,44,2,6,1,3,0,40.0,60.0,2.0,1053,6,0.0,0.0,43,2024
2,82,2,2,3,0,1,,,,1053,1,0.0,0.0,43,2024
1,12,1,4,3,0,3,,,,656,3,43333.33,130000.0,43,2024
1,51,2,4,1,2,0,84.0,0.0,2.0,605,3,258333.33,775000.0,43,2024
1,14,1,4,3,0,3,,,,605,3,258333.33,775000.0,43,2024
1,60,2,3,1,3,0,18.0,0.0,2.0,627,2,0.0,0.0,43,2024
2,60,2,3,3,0,4,,,,627,2,0.0,0.0,43,2024
1,20,1,7,3,0,3,,,,627,5,0.0,0.0,43,2024
2,88,2,2,3,0,1,,,,777,2,260000.0,260000.0,43,2024
1,67,2,2,3,0,1,,,,491,2,120000.0,240000.0,43,2024
2,61,2,2,3,0,4,,,,491,2,120000.0,240000.0,43,2024
2,38,2,2,1,3,0,48.0,0.0,2.0,488,2,295000.0,590000.0,43,2024
1,40,2,2,1,3,0,48.0,0.0,2.0,488,2,295000.0,590000.0,43,2024
1,43,2,4,1,2,0,72.0,0.0,2.0,703,4,0.0,0.0,43,2024
2,39,2,4,2,3,0,,,,703,4,0.0,0.0,43,2024
2,15,1,4,3,0,3,,,,703,3,0.0,0.0,43,2024
2,13,1,4,3,0,3,,,,703,3,0.0,0.0,43,2024
1,10,1,2,3,0,3,,,,703,1,0.0,0.0,43,2024
1,8,1,2,4,0,3,,,,703,1,0.0,0.0,43,2024
2,5,1,1,4,0,5,,,,703,7,0.0,0.0,43,2024
2,21,2,2,1,3,0,30.0,0.0,2.0,563,1,83333.33,250000.0,43,2024
1,23,2,4,3,0,4,,,,563,3,83333.33,250000.0,43,2024
1,4,1,1,4,0,5,,,,563,7,83333.33,250000.0,43,2024
2,27,1,6,1,3,0,24.0,0.0,2.0,334,5,0.0,0.0,43,2024
1,27,2,4,1,2,0,40.0,0.0,2.0,334,4,0.0,0.0,43,2024
2,52,2,4,1,3,0,15.0,0.0,2.0,359,3,0.0,0.0,43,2024
1,49,2,7,1,3,0,50.0,0.0,2.0,359,6,0.0,0.0,43,2024
2,20,1,6,1,3,0,12.0,0.0,2.0,359,5,0.0,0.0,43,2024
2,38,2,7,1,3,0,40.0,0.0,2.0,440,5,0.0,0.0,43,2024
2,16,1,4,3,0,3,,,,440,3,0.0,0.0,43,2024
2,40,2,7,1,3,0,55.0,0.0,2.0,440,6,0.0,0.0,43,2024
2,72,2,2,3,0,1,,,,1059,2,107000.0,107000.0,43,2024
1,54,2,2,1,3,0,48.0,0.0,2.0,495,2,190000.0,380000.0,43,2024
1,15,1,4,3,0,3,,,,495,3,190000.0,380000.0,43,2024
1,72,2,2,3,0,1,,,,1142,2,0.0,0.0,43,2024
1,46,2,9,3,0,6,,,,1142,1,0.0,0.0,43,2024
2,17,2,4,3,0,1,,,,1142,4,0.0,0.0,43,2024
2,16,1,4,3,0,1,,,,1142,3,0.0,0.0,43,2024
1,34,2,4,3,0,4,,,,855,4,40000.0,40000.0,43,2024
1,61,2,2,1,3,0,35.0,0.0,2.0,718,2,0.0,0.0,43,2024
2,50,2,4,1,2,0,36.0,0.0,1.0,718,3,0.0,0.0,43,2024
1,30,2,4,2,3,0,,,,718,4,0.0,0.0,43,2024
1,20,2,4,3,0,7,,,,718,4,0.0,0.0,43,2024
2,42,2,7,1,3,0,36.0,0.0,2.0,890,6,126666.67,380000.0,43,2024
2,12,1,4,3,0,3,,,,890,3,126666.67,380000.0,43,2024
2,9,1,2,4,0,3,,,,890,1,126666.67,380000.0,43,2024
2,11,1,2,3,0,3,,,,556,1,116666.67,350000.0,43,2024
1,68,2,2,3,0,4,,,,595,2,0.0,0.0,43,2024
2,62,2,2,3,0,4,,,,595,1,0.0,0.0,43,2024
2,22,2,6,1,3,0,48.0,0.0,2.0,595,5,0.0,0.0,43,2024
1,46,2,2,1,3,0,30.0,0.0,1.0,619,2,0.0,0.0,43,2024
2,43,2,4,1,3,0,30.0,0.0,1.0,619,3,0.0,0.0,43,2024
2,23,2,6,1,3,0,48.0,0.0,2.0,619,6,0.0,0.0,43,2024
1,23,2,4,1,3,0,30.0,0.0,1.0,619,3,0.0,0.0,43,2024
1,16,1,4,3,0,3,,,,619,3,0.0,0.0,43,2024
2,41,2,2,1,3,0,48.0,0.0,2.0,691,2,0.0,0.0,43,2024
1,73,2,2,3,0,1,,,,691,2,0.0,0.0,43,2024
1,42,2,4,2,3,0,,,,691,3,0.0,0.0,43,2024
1,18,1,4,2,0,0,,,,691,3,0.0,0.0,43,2024
1,14,1,4,3,0,3,,,,691,3,0.0,0.0,43,2024
2,4,1,1,4,0,5,,,,691,7,0.0,0.0,43,2024
1,35,2,4,1,2,0,48.0,0.0,1.0,706,3,0.0,0.0,43,2024
2,36,2,2,3,0,4,,,,706,2,0.0,0.0,43,2024
1,18,2,4,1,4,0,24.0,0.0,2.0,706,3,0.0,0.0,43,2024
1,11,1,2,3,0,3,,,,706,1,0.0,0.0,43,2024
1,3,3,0,4,0,5,,,,706,7,0.0,0.0,43,2024
2,45,2,6,1,3,0,48.0,0.0,2.0,1102,6,0.0,0.0,43,2024
1,48,2,4,1,2,0,54.0,0.0,2.0,1102,4,0.0,0.0,43,2024
1,17,1,4,3,0,3,,,,1102,3,0.0,0.0,43,2024
2,52,2,4,1,2,0,15.0,0.0,2.0,1102,3,0.0,0.0,43,2024
2,62,2,4,1,3,0,35.0,0.0,2.0,366,4,0.0,0.0,43,2024
1,28,2,6,1,3,0,15.0,9.0,1.0,366,5,0.0,0.0,43,2024
2,26,2,4,1,3,0,24.0,0.0,1.0,249,3,287500.0,287500.0,43,2024
1,46,2,4,1,3,0,30.0,0.0,2.0,630,4,0.0,0.0,43,2024
2,48,2,6,1,3,0,30.0,0.0,2.0,630,6,0.0,0.0,43,2024
1,21,1,6,1,2,0,15.0,10.0,1.0,630,5,0.0,0.0,43,2024
1,18,1,7,1,3,0,30.0,12.0,1.0,630,5,0.0,0.0,43,2024
1,59,2,2,1,2,0,26.0,0.0,1.0,798,2,0.0,0.0,43,2024
2,61,2,4,1,3,0,24.0,0.0,2.0,426,4,0.0,0.0,43,2024
2,27,2,7,3,0,4,,,,426,6,0.0,0.0,43,2024
1,37,2,6,1,1,0,44.0,0.0,2.0,653,6,150000.0,600000.0,43,2024
2,33,2,7,3,0,4,,,,653,5,150000.0,600000.0,43,2024
2,5,1,2,4,0,5,,,,653,1,150000.0,600000.0,43,2024
1,9,1,2,4,0,3,,,,653,1,150000.0,600000.0,43,2024
2,44,2,6,1,3,0,36.0,0.0,2.0,519,6,230000.0,690000.0,43,2024
1,13,1,4,3,0,3,,,,519,3,230000.0,690000.0,43,2024
2,48,2,6,1,2,0,40.0,0.0,2.0,519,5,230000.0,690000.0,43,2024
1,54,2,6,1,3,0,40.0,0.0,2.0,601,5,900000.0,900000.0,43,2024
1,60,2,4,1,2,0,39.0,0.0,2.0,308,3,0.0,0.0,43,2024
2,49,2,4,3,0,4,,,,308,4,0.0,0.0,43,2024
1,31,2,7,1,3,0,52.0,0.0,2.0,308,5,0.0,0.0,43,2024
1,27,2,7,1,3,0,48.0,0.0,2.0,308,5,0.0,0.0,43,2024
1,30,2,4,1,3,0,72.0,0.0,1.0,366,4,2250000.0,2250000.0,43,2024
2,42,2,2,3,0,4,,,,487,2,105000.0,420000.0,43,2024
2,18,2,4,3,0,4,,,,487,4,105000.0,420000.0,43,2024
1,23,2,4,1,3,0,40.0,0.0,2.0,487,3,105000.0,420000.0,43,2024
1,41,2,4,1,2,0,10.0,0.0,1.0,487,4,105000.0,420000.0,43,2024
2,82,2,6,3,0,1,,,,1259,6,136000.0,136000.0,43,2024
2,30,2,4,3,0,4,,,,1072,4,133333.33,400000.0,43,2024
1,34,2,4,1,3,0,56.0,0.0,2.0,1072,3,133333.33,400000.0,43,2024
1,9,1,2,4,0,3,,,,1072,1,133333.33,400000.0,43,2024
1,46,2,6,1,3,0,42.0,0.0,2.0,1071,6,700000.0,700000.0,43,2024
2,37,2,4,1,2,0,28.0,0.0,2.0,656,4,0.0,0.0,43,2024
1,49,2,4,1,3,0,40.0,0.0,2.0,656,4,0.0,0.0,43,2024
1,8,1,2,4,0,3,,,,656,1,0.0,0.0,43,2024
1,4,1,1,4,0,5,,,,656,7,0.0,0.0,43,2024
2,18,1,7,3,0,3,,,,656,5,0.0,0.0,43,2024
2,17,1,4,3,0,3,,,,656,3,0.0,0.0,43,2024
2,66,2,6,3,0,1,,,,472,6,0.0,0.0,43,2024
2,42,2,6,1,3,0,20.0,0.0,2.0,472,6,0.0,0.0,43,2024
1,47,2,7,1,3,0,40.0,0.0,2.0,472,6,0.0,0.0,43,2024
1,78,2,4,3,0,1,,,,979,4,165000.0,330000.0,43,2024
2,81,2,2,3,0,4,,,,979,2,165000.0,330000.0,43,2024
1,35,2,6,1,3,0,54.0,0.0,2.0,458,6,0.0,0.0,43,2024
2,33,2,4,1,3,0,20.0,0.0,2.0,458,4,0.0,0.0,43,2024
2,2,3,0,4,0,5,,,,458,7,0.0,0.0,43,2024
2,35,2,7,1,2,0,24.0,0.0,2.0,516,5,92000.0,368000.0,43,2024
1,35,2,4,1,2,0,50.0,0.0,2.0,516,3,92000.0,368000.0,43,2024
1,3,3,0,4,0,5,,,,516,7,92000.0,368000.0,43,2024
2,5,1,1,4,0,5,,,,516,7,92000.0,368000.0,43,2024
2,35,2,4,1,3,0,24.0,0.0,1.0,281,3,0.0,0.0,43,2024
2,17,2,4,1,2,0,36.0,0.0,1.0,281,3,0.0,0.0,43,2024
1,15,1,4,3,0,3,,,,1441,3,0.0,0.0,43,2024
2,1,0,0,4,0,5,,,,1441,7,0.0,0.0,43,2024
2,37,2,6,1,2,0,36.0,0.0,2.0,1441,5,0.0,0.0,43,2024
1,40,2,4,1,3,0,48.0,0.0,2.0,1441,4,0.0,0.0,43,2024
2,55,2,2,3,0,4,,,,442,1,0.0,0.0,43,2024
1,81,2,7,3,0,1,,,,442,6,0.0,0.0,43,2024
1,47,2,7,1,3,0,48.0,0.0,2.0,362,6,0.0,0.0,43,2024
1,46,2,4,1,3,0,24.0,0.0,1.0,556,4,116666.67,350000.0,43,2024
2,39,2,4,2,3,0,,,,556,3,116666.67,350000.0,43,2024
1,55,2,4,1,2,0,48.0,0.0,2.0,643,4,0.0,0.0,43,2024
2,54,2,7,1,3,0,20.0,0.0,2.0,643,5,0.0,0.0,43,2024
2,56,2,4,1,3,0,30.0,0.0,2.0,630,4,0.0,0.0,43,2024
1,20,1,6,1,3,0,36.0,0.0,2.0,630,5,0.0,0.0,43,2024
2,33,2,4,2,3,0,,,,591,4,0.0,0.0,43,2024
1,12,1,4,3,0,3,,,,591,3,0.0,0.0,43,2024
2,5,1,2,4,0,5,,,,591,1,0.0,0.0,43,2024
2,68,2,4,3,0,4,,,,634,3,110000.0,220000.0,43,2024
1,53,2,4,3,0,1,,,,634,3,110000.0,220000.0,43,2024
2,58,2,2,3,0,4,,,,408,1,0.0,0.0,43,2024
1,72,2,2,3,0,1,,,,408,1,0.0,0.0,43,2024
1,23,2,4,1,3,0,40.0,0.0,2.0,408,3,0.0,0.0,43,2024
1,37,2,4,1,3,0,40.0,0.0,1.0,408,3,0.0,0.0,43,2024
1,40,2,4,1,3,0,40.0,0.0,2.0,408,4,0.0,0.0,43,2024
1,26,2,4,1,3,0,40.0,0.0,1.0,408,3,0.0,0.0,43,2024
2,49,2,6,2,2,0,,,,572,5,112500.0,450000.0,43,2024
2,20,1,7,3,0,3,,,,572,5,112500.0,450000.0,43,2024
1,18,1,4,3,0,3,,,,572,3,112500.0,450000.0,43,2024
1,50,2,6,1,3,0,56.0,0.0,2.0,572,5,112500.0,450000.0,43,2024
2,54,2,4,1,3,0,15.0,8.0,1.0,1262,4,94000.0,282000.0,43,2024
2,31,2,4,2,3,0,,,,1262,3,94000.0,282000.0,43,2024
1,4,1,1,4,0,5,,,,1262,7,94000.0,282000.0,43,2024
2,80,2,6,3,0,1,,,,612,6,150000.0,300000.0,43,2024
1,57,2,4,3,0,4,,,,612,4,150000.0,300000.0,43,2024
1,36,2,5,1,3,0,42.0,0.0,1.0,781,3,200000.0,200000.0,43,2024
2,46,2,7,1,1,0,40.0,0.0,2.0,571,5,250000.0,500000.0,43,2024
2,13,1,4,3,0,3,,,,571,3,250000.0,500000.0,43,2024
2,72,2,7,3,0,1,,,,1180,5,400000.0,400000.0,43,2024
1,58,2,6,1,3,0,72.0,0.0,2.0,803,5,0.0,0.0,43,2024
2,101,2,2,3,0,1,,,,803,2,0.0,0.0,43,2024
2,60,2,6,1,3,0,0.0,0.0,2.0,803,6,0.0,0.0,43,2024
2,30,2,6,1,3,0,25.0,0.0,2.0,803,6,0.0,0.0,43,2024
1,32,2,4,1,3,0,40.0,0.0,2.0,604,4,400000.0,400000.0,43,2024
2,36,2,4,1,3,0,42.0,0.0,1.0,776,4,202500.0,405000.0,43,2024
2,89,2,2,3,0,1,,,,776,1,202500.0,405000.0,43,2024
1,49,2,4,1,1,0,24.0,0.0,2.0,742,4,567500.0,2270000.0,43,2024
2,50,2,4,1,3,0,40.0,0.0,2.0,742,4,567500.0,2270000.0,43,2024
1,15,1,4,3,0,3,,,,742,3,567500.0,2270000.0,43,2024
1,13,1,4,3,0,3,,,,742,3,567500.0,2270000.0,43,2024
1,66,2,4,1,3,0,40.0,0.0,2.0,630,4,0.0,0.0,43,2024
2,43,2,7,1,3,0,40.0,0.0,2.0,926,6,0.0,0.0,43,2024
2,11,1,2,3,0,3,,,,926,1,0.0,0.0,43,2024
2,3,1,1,4,0,5,,,,926,7,0.0,0.0,43,2024
1,36,2,7,1,2,0,56.0,0.0,1.0,826,5,440000.0,1320000.0,43,2024
2,31,2,7,1,2,0,0.0,0.0,2.0,826,5,440000.0,1320000.0,43,2024
1,7,1,2,4,0,3,,,,826,1,440000.0,1320000.0,43,2024
1,59,2,6,1,2,0,6.0,0.0,1.0,580,5,0.0,0.0,43,2024
2,59,2,7,1,3,0,0.0,0.0,2.0,580,6,0.0,0.0,43,2024
1,24,1,7,3,0,3,,,,580,5,0.0,0.0,43,2024
2,52,2,2,3,0,4,,,,332,2,0.0,0.0,43,2024
2,21,1,7,3,0,3,,,,332,5,0.0,0.0,43,2024
2,17,2,4,3,0,4,,,,332,3,0.0,0.0,43,2024
1,52,2,7,1,1,0,56.0,0.0,2.0,929,6,0.0,0.0,43,2024
2,48,2,7,1,1,0,48.0,0.0,2.0,929,6,0.0,0.0,43,2024
1,18,1,7,3,0,3,,,,929,5,0.0,0.0,43,2024
2,15,1,4,3,0,3,,,,929,3,0.0,0.0,43,2024
1,42,2,7,1,2,0,40.0,0.0,2.0,1067,5,0.0,0.0,43,2024
1,12,1,4,3,0,3,,,,1067,3,0.0,0.0,43,2024
1,3,1,1,4,0,5,,,,1067,7,0.0,0.0,43,2024
2,36,2,2,1,3,0,44.0,28.0,2.0,635,2,700000.0,1400000.0,43,2024
1,43,2,4,1,3,0,48.0,0.0,2.0,635,4,700000.0,1400000.0,43,2024
2,30,2,7,1,3,0,48.0,0.0,2.0,575,5,190000.0,380000.0,43,2024
2,6,1,2,4,0,3,,,,575,1,190000.0,380000.0,43,2024
1,30,2,4,2,3,0,,,,428,3,60000.0,120000.0,43,2024
2,24,2,6,1,3,0,20.0,0.0,1.0,428,6,60000.0,120000.0,43,2024
1,50,2,2,1,3,0,68.0,0.0,2.0,470,2,0.0,0.0,43,2024
2,52,2,4,1,3,0,21.0,0.0,1.0,470,3,0.0,0.0,43,2024
2,29,2,4,1,3,0,48.0,0.0,2.0,470,4,0.0,0.0,43,2024
2,26,2,4,3,0,4,,,,470,3,0.0,0.0,43,2024
1,20,1,7,1,3,0,28.0,0.0,2.0,470,5,0.0,0.0,43,2024
1,5,1,1,4,0,5,,,,470,7,0.0,0.0,43,2024
2,50,2,7,1,3,0,40.0,0.0,2.0,481,5,0.0,0.0,43,2024
2,20,1,7,3,0,3,,,,481,5,0.0,0.0,43,2024
1,70,2,4,3,0,1,,,,743,4,200000.0,200000.0,43,2024
2,88,2,4,3,0,1,,,,918,4,175000.0,350000.0,43,2024
1,28,1,7,3,0,3,,,,918,5,175000.0,350000.0,43,2024
2,49,2,7,1,3,0,40.0,0.0,1.0,635,6,116666.67,350000.0,43,2024
1,5,1,1,4,0,5,,,,635,7,116666.67,350000.0,43,2024
2,23,2,7,1,3,0,16.0,0.0,1.0,635,6,116666.67,350000.0,43,2024
2,59,2,2,1,3,0,25.0,6.0,1.0,385,2,280000.0,280000.0,43,2024
2,49,2,4,1,3,0,30.0,0.0,2.0,894,4,0.0,0.0,43,2024
1,56,2,7,1,2,0,35.0,0.0,2.0,894,6,0.0,0.0,43,2024
2,19,1,7,3,0,3,,,,894,5,0.0,0.0,43,2024
1,46,2,4,1,3,0,30.0,0.0,2.0,710,4,400000.0,800000.0,43,2024
1,15,1,4,3,0,3,,,,710,3,400000.0,800000.0,43,2024
2,23,2,4,1,3,0,18.0,0.0,1.0,451,4,300000.0,900000.0,43,2024
1,39,2,2,1,3,0,72.0,0.0,2.0,451,2,300000.0,900000.0,43,2024
1,3,1,1,4,0,5,,,,451,7,300000.0,900000.0,43,2024
2,34,1,7,1,2,0,36.0,0.0,1.0,650,5,83333.33,250000.0,43,2024
2,8,1,2,4,0,3,,,,650,1,83333.33,250000.0,43,2024
2,10,1,2,3,0,3,,,,650,1,83333.33,250000.0,43,2024
2,69,2,2,3,0,1,,,,319,2,230000.0,460000.0,43,2024
2,27,2,4,1,3,0,48.0,0.0,2.0,319,4,230000.0,460000.0,43,2024
2,74,2,4,3,0,1,,,,638,3,0.0,0.0,43,2024
2,50,2,4,1,3,0,44.0,0.0,2.0,638,3,0.0,0.0,43,2024
1,25,2,4,1,3,0,48.0,0.0,2.0,638,4,0.0,0.0,43,2024
1,22,2,4,2,3,0,,,,638,4,0.0,0.0,43,2024
2,62,2,6,3,0,4,,,,495,5,125000.0,250000.0,43,2024
1,68,2,8,3,0,1,,,,495,6,125000.0,250000.0,43,2024
2,35,2,2,1,3,0,12.0,24.0,1.0,401,2,77333.33,232000.0,43,2024
2,18,1,4,3,0,3,,,,401,3,77333.33,232000.0,43,2024
2,11,1,2,3,0,3,,,,401,1,77333.33,232000.0,43,2024
2,31,2,4,3,0,4,,,,1254,4,59000.0,236000.0,43,2024
1,37,2,4,1,2,0,12.0,0.0,1.0,1254,4,59000.0,236000.0,43,2024
1,8,1,2,4,0,3,,,,1254,1,59000.0,236000.0,43,2024
2,4,1,1,4,0,5,,,,1254,7,59000.0,236000.0,43,2024
2,30,2,2,1,3,0,40.0,0.0,2.0,778,2,126000.0,630000.0,43,2024
1,41,2,2,3,0,4,,,,778,2,126000.0,630000.0,43,2024
2,8,1,2,4,0,3,,,,778,1,126000.0,630000.0,43,2024
2,6,1,2,4,0,3,,,,778,1,126000.0,630000.0,43,2024
1,2,3,0,4,0,5,,,,778,7,126000.0,630000.0,43,2024
2,77,2,4,3,0,1,,,,1193,4,150000.0,150000.0,43,2024
2,49,2,6,1,3,0,44.0,0.0,2.0,311,6,550000.0,550000.0,43,2024
2,54,2,6,1,2,0,40.0,0.0,2.0,464,6,0.0,0.0,43,2024
1,29,2,7,1,2,0,48.0,4.0,2.0,464,5,0.0,0.0,43,2024
2,24,2,7,1,3,0,40.0,0.0,2.0,464,5,0.0,0.0,43,2024
1,28,2,6,1,3,0,70.0,0.0,2.0,615,5,560000.0,560000.0,43,2024
2,70,2,7,1,1,0,12.0,0.0,2.0,1013,5,220000.0,440000.0,43,2024
1,74,2,4,1,1,0,12.0,0.0,2.0,1013,4,220000.0,440000.0,43,2024
2,61,2,4,1,3,0,48.0,0.0,2.0,332,4,340000.0,680000.0,43,2024
1,63,2,2,3,0,4,,,,332,2,340000.0,680000.0,43,2024
1,39,2,2,1,3,0,72.0,0.0,2.0,905,2,0.0,0.0,43,2024
1,39,2,4,1,3,0,80.0,0.0,2.0,905,3,0.0,0.0,43,2024
1,40,2,2,1,3,0,80.0,0.0,2.0,905,2,0.0,0.0,43,2024
2,28,2,4,1,3,0,48.0,0.0,2.0,782,3,119500.0,478000.0,43,2024
1,13,1,4,3,0,3,,,,782,3,119500.0,478000.0,43,2024
1,11,1,2,3,0,3,,,,782,1,119500.0,478000.0,43,2024
2,9,1,2,4,0,3,,,,782,1,119500.0,478000.0,43,2024
2,72,2,2,3,0,1,,,,959,1,103000.0,103000.0,43,2024
1,22,2,2,1,3,0,32.0,0.0,1.0,389,2,150000.0,300000.0,43,2024
2,24,2,4,3,0,4,,,,389,4,150000.0,300000.0,43,2024
1,65,2,4,1,2,0,18.0,0.0,1.0,979,3,0.0,0.0,43,2024
2,65,2,4,3,0,1,,,,979,4,0.0,0.0,43,2024
2,43,1,7,1,3,0,36.0,12.0,1.0,693,5,140000.0,420000.0,43,2024
2,14,1,4,3,0,3,,,,693,3,140000.0,420000.0,43,2024
2,8,1,2,4,0,3,,,,693,1,140000.0,420000.0,43,2024
2,32,2,4,1,3,0,28.0,0.0,2.0,460,4,0.0,0.0,43,2024
2,12,1,4,3,0,3,,,,460,3,0.0,0.0,43,2024
1,48,2,4,1,3,0,105.0,0.0,2.0,610,3,125000.0,500000.0,43,2024
2,36,2,2,3,0,4,,,,610,1,125000.0,500000.0,43,2024
2,9,1,2,4,0,3,,,,610,1,125000.0,500000.0,43,2024
2,10,1,2,3,0,3,,,,610,1,125000.0,500000.0,43,2024
1,60,2,2,1,3,0,44.0,0.0,2.0,256,1,440000.0,880000.0,43,2024
2,21,2,4,1,3,0,36.0,0.0,1.0,256,4,440000.0,880000.0,43,2024
2,27,2,4,1,3,0,20.0,0.0,2.0,709,4,76666.67,230000.0,43,2024
1,9,1,2,4,0,3,,,,709,1,76666.67,230000.0,43,2024
2,6,1,2,4,0,3,,,,709,1,76666.67,230000.0,43,2024
1,68,2,7,3,0,1,,,,742,5,1600000.0,1600000.0,43,2024
1,65,2,2,1,3,0,25.0,0.0,2.0,551,2,150000.0,300000.0,43,2024
2,18,2,4,1,3,0,24.0,8.0,2.0,551,4,150000.0,300000.0,43,2024
2,70,2,2,3,0,4,,,,796,2,165500.0,331000.0,43,2024
1,60,2,2,1,2,0,12.0,0.0,1.0,796,2,165500.0,331000.0,43,2024
2,64,2,2,3,0,4,,,,516,2,160000.0,160000.0,43,2024
2,84,2,2,3,0,1,,,,615,2,142500.0,285000.0,43,2024
1,93,2,2,3,0,1,,,,615,2,142500.0,285000.0,43,2024
1,38,2,4,1,3,0,72.0,0.0,2.0,559,3,37500.0,150000.0,43,2024
2,36,2,7,3,0,7,,,,559,6,37500.0,150000.0,43,2024
1,14,1,4,3,0,3,,,,559,3,37500.0,150000.0,43,2024
1,4,1,1,4,0,5,,,,559,7,37500.0,150000.0,43,2024
1,65,2,4,1,2,0,48.0,0.0,2.0,568,3,0.0,0.0,43,2024
2,22,1,7,3,0,3,,,,568,5,0.0,0.0,43,2024
1,50,2,4,1,3,0,40.0,0.0,2.0,824,4,0.0,0.0,43,2024
2,86,2,7,3,0,1,,,,824,6,0.0,0.0,43,2024
1,92,2,2,3,0,1,,,,824,1,0.0,0.0,43,2024
2,52,2,2,1,3,0,24.0,12.0,2.0,490,2,125600.0,628000.0,43,2024
1,33,2,2,1,3,0,50.0,0.0,2.0,490,2,125600.0,628000.0,43,2024
1,19,2,4,1,3,0,7.0,0.0,1.0,490,3,125600.0,628000.0,43,2024
2,29,2,2,1,3,0,24.0,0.0,2.0,490,2,125600.0,628000.0,43,2024
2,6,1,2,4,0,3,,,,490,1,125600.0,628000.0,43,2024
2,43,2,2,1,3,0,40.0,0.0,2.0,563,2,88000.0,440000.0,43,2024
1,44,2,2,1,3,0,48.0,0.0,2.0,563,2,88000.0,440000.0,43,2024
2,15,1,4,3,0,3,,,,563,3,88000.0,440000.0,43,2024
1,7,1,2,4,0,3,,,,563,1,88000.0,440000.0,43,2024
2,9,1,2,4,0,3,,,,563,1,88000.0,440000.0,43,2024
2,73,2,4,3,0,1,,,,1051,3,360000.0,360000.0,43,2024
1,44,2,4,1,2,0,40.0,0.0,2.0,573,3,0.0,0.0,43,2024
2,41,2,2,3,0,4,,,,573,2,0.0,0.0,43,2024
2,72,2,6,3,0,1,,,,876,6,130000.0,260000.0,43,2024
1,65,2,6,3,0,1,,,,876,6,130000.0,260000.0,43,2024
1,73,2,2,3,0,1,,,,594,2,112500.0,225000.0,43,2024
2,72,2,2,3,0,4,,,,594,2,112500.0,225000.0,43,2024
2,25,2,4,1,3,0,4.0,0.0,1.0,1202,4,73333.33,220000.0,43,2024
2,8,1,2,4,0,3,,,,1202,1,73333.33,220000.0,43,2024
1,9,1,2,4,0,3,,,,1202,1,73333.33,220000.0,43,2024
2,85,2,2,3,0,4,,,,796,2,160000.0,320000.0,43,2024
1,49,2,2,1,3,0,20.0,0.0,1.0,796,2,160000.0,320000.0,43,2024
2,35,2,4,1,3,0,30.0,0.0,2.0,908,4,0.0,0.0,43,2024
1,36,2,4,1,3,0,24.0,24.0,2.0,908,4,0.0,0.0,43,2024
1,12,1,4,3,0,3,,,,908,3,0.0,0.0,43,2024
2,10,1,2,3,0,3,,,,908,1,0.0,0.0,43,2024
1,30,2,4,1,3,0,42.0,0.0,2.0,908,4,0.0,0.0,43,2024
1,1,0,0,4,0,5,,,,908,7,0.0,0.0,43,2024
2,41,2,2,2,3,0,,,,331,2,73333.33,220000.0,43,2024
1,45,2,4,1,3,0,54.0,0.0,2.0,331,4,73333.33,220000.0,43,2024
2,19,1,6,2,0,0,,,,331,5,73333.33,220000.0,43,2024
1,75,2,2,3,0,1,,,,611,2,145000.0,290000.0,43,2024
2,72,2,4,3,0,4,,,,611,4,145000.0,290000.0,43,2024
2,43,2,7,1,2,0,30.0,0.0,1.0,324,5,0.0,0.0,43,2024
2,41,2,7,1,2,0,30.0,0.0,1.0,324,6,0.0,0.0,43,2024
2,38,2,6,1,3,0,50.0,0.0,2.0,479,5,500000.0,500000.0,43,2024
2,78,2,4,3,0,1,,,,1049,4,145000.0,290000.0,43,2024
1,85,2,4,3,0,1,,,,1049,4,145000.0,290000.0,43,2024
2,77,2,4,3,0,1,,,,797,3,0.0,0.0,43,2024
2,44,2,7,1,3,0,40.0,0.0,2.0,797,5,0.0,0.0,43,2024
2,54,2,7,1,3,0,15.0,0.0,2.0,846,5,0.0,0.0,43,2024
2,23,1,7,1,3,0,48.0,0.0,2.0,846,5,0.0,0.0,43,2024
2,20,2,4,3,0,7,,,,846,4,0.0,0.0,43,2024
1,18,1,7,1,2,0,50.0,0.0,2.0,846,5,0.0,0.0,43,2024
2,65,2,2,1,3,0,16.0,12.0,1.0,556,2,186666.67,560000.0,43,2024
1,52,2,2,1,3,0,56.0,0.0,2.0,556,2,186666.67,560000.0,43,2024
2,25,2,4,3,0,4,,,,556,4,186666.67,560000.0,43,2024
2,20,1,4,1,3,0,36.0,0.0,2.0,614,3,66666.67,200000.0,43,2024
2,41,2,4,1,3,0,36.0,0.0,1.0,614,4,66666.67,200000.0,43,2024
2,10,1,2,3,0,3,,,,614,1,66666.67,200000.0,43,2024
1,23,2,4,1,2,0,58.0,0.0,2.0,392,4,0.0,0.0,43,2024
2,24,2,4,1,1,0,57.0,0.0,2.0,392,4,0.0,0.0,43,2024
1,68,2,2,1,2,0,6.0,0.0,1.0,648,2,140000.0,280000.0,43,2024
1,20,2,4,2,2,0,,,,648,4,140000.0,280000.0,43,2024
1,69,2,8,1,3,0,40.0,0.0,2.0,1243,6,0.0,0.0,43,2024
1,47,2,4,1,3,0,66.0,0.0,2.0,513,4,243333.33,730000.0,43,2024
2,49,2,4,1,3,0,24.0,20.0,2.0,513,3,243333.33,730000.0,43,2024
2,21,2,4,2,3,0,,,,513,4,243333.33,730000.0,43,2024
1,46,2,4,1,3,0,60.0,0.0,2.0,640,4,0.0,0.0,43,2024
2,47,2,6,1,3,0,40.0,0.0,2.0,640,6,0.0,0.0,43,2024
2,84,2,2,3,0,7,,,,530,2,0.0,0.0,43,2024
2,19,1,7,1,3,0,18.0,12.0,1.0,530,5,0.0,0.0,43,2024
2,69,2,4,3,0,1,,,,737,4,332500.0,665000.0,43,2024
1,69,2,2,3,0,1,,,,737,2,332500.0,665000.0,43,2024
1,36,2,4,1,3,0,60.0,0.0,2.0,822,4,196666.67,590000.0,43,2024
2,30,2,4,1,3,0,36.0,0.0,2.0,822,4,196666.67,590000.0,43,2024
2,10,1,2,3,0,3,,,,822,1,196666.67,590000.0,43,2024
2,74,2,2,3,0,1,,,,1039,2,167000.0,334000.0,43,2024
1,43,1,9,3,0,3,,,,1039,1,167000.0,334000.0,43,2024
2,42,2,3,1,3,0,45.0,0.0,2.0,638,3,0.0,0.0,43,2024
1,45,2,2,1,3,0,49.0,0.0,2.0,638,2,0.0,0.0,43,2024
1,15,1,4,3,0,3,,,,638,3,0.0,0.0,43,2024
1,10,1,2,3,0,3,,,,638,1,0.0,0.0,43,2024
1,51,2,2,1,2,0,40.0,0.0,2.0,1151,2,300000.0,300000.0,43,2024
2,68,2,4,3,0,1,,,,1331,4,150000.0,150000.0,43,2024
1,80,2,2,3,0,1,,,,815,1,0.0,0.0,43,2024
1,49,2,4,1,1,0,60.0,0.0,2.0,815,3,0.0,0.0,43,2024
2,11,1,2,3,0,3,,,,578,1,30000.0,120000.0,43,2024
2,6,1,2,4,0,3,,,,578,1,30000.0,120000.0,43,2024
2,27,2,4,2,3,0,,,,578,4,30000.0,120000.0,43,2024
1,2,3,0,4,0,5,,,,578,7,30000.0,120000.0,43,2024
2,20,2,4,3,0,4,,,,395,3,85333.33,256000.0,43,2024
2,4,1,1,4,0,5,,,,395,7,85333.33,256000.0,43,2024
1,28,2,4,1,3,0,50.0,0.0,2.0,395,3,85333.33,256000.0,43,2024
2,73,2,2,3,0,1,,,,805,2,0.0,0.0,43,2024
1,76,2,2,1,2,0,16.0,0.0,2.0,805,2,0.0,0.0,43,2024
1,38,2,4,1,3,0,44.0,0.0,2.0,805,4,0.0,0.0,43,2024
1,35,2,4,1,3,0,36.0,0.0,2.0,805,4,0.0,0.0,43,2024
1,69,2,2,3,0,1,,,,586,2,134000.0,268000.0,43,2024
2,64,2,6,3,0,1,,,,586,6,134000.0,268000.0,43,2024
2,74,2,2,3,0,1,,,,690,2,152500.0,305000.0,43,2024
2,23,2,4,1,3,0,42.0,0.0,2.0,690,4,152500.0,305000.0,43,2024
2,54,2,4,3,0,4,,,,619,4,0.0,0.0,43,2024
1,59,2,4,1,3,0,48.0,0.0,2.0,619,4,0.0,0.0,43,2024
1,27,2,7,1,3,0,25.0,0.0,1.0,619,6,0.0,0.0,43,2024
2,23,1,7,1,3,0,8.0,4.0,1.0,445,5,460000.0,460000.0,43,2024
1,38,2,8,1,3,0,35.0,0.0,2.0,598,6,366666.67,1100000.0,43,2024
2,37,2,6,1,3,0,25.0,0.0,2.0,598,6,366666.67,1100000.0,43,2024
2,6,1,2,4,0,3,,,,598,1,366666.67,1100000.0,43,2024
2,77,2,6,2,0,0,,,,1076,6,170000.0,170000.0,43,2024
2,46,2,4,1,3,0,30.0,0.0,2.0,974,4,0.0,0.0,43,2024
1,57,2,7,1,3,0,30.0,0.0,2.0,974,6,0.0,0.0,43,2024
1,22,1,7,3,0,3,,,,974,5,0.0,0.0,43,2024
2,21,1,7,3,0,3,,,,492,5,350000.0,1050000.0,43,2024
1,50,2,6,1,3,0,40.0,0.0,2.0,492,6,350000.0,1050000.0,43,2024
2,47,2,6,3,0,4,,,,492,6,350000.0,1050000.0,43,2024
1,42,2,2,1,2,0,40.0,0.0,2.0,825,2,0.0,0.0,43,2024
2,43,2,4,1,3,0,40.0,0.0,2.0,825,4,0.0,0.0,43,2024
2,22,2,4,1,3,0,48.0,0.0,2.0,825,3,0.0,0.0,43,2024
1,21,2,4,1,3,0,48.0,0.0,2.0,825,3,0.0,0.0,43,2024
2,34,2,6,1,3,0,36.0,0.0,2.0,650,6,700000.0,1400000.0,43,2024
1,33,2,4,1,3,0,36.0,0.0,2.0,650,4,700000.0,1400000.0,43,2024
2,41,2,6,1,3,0,84.0,0.0,2.0,514,6,500000.0,500000.0,43,2024
1,75,2,2,3,0,1,,,,759,2,105000.0,210000.0,43,2024
2,73,2,2,3,0,4,,,,759,2,105000.0,210000.0,43,2024
2,39,2,2,1,3,0,8.0,0.0,1.0,608,2,57500.0,345000.0,43,2024
1,41,2,2,3,0,6,,,,608,2,57500.0,345000.0,43,2024
1,18,1,4,1,3,0,30.0,0.0,2.0,608,3,57500.0,345000.0,43,2024
2,16,1,4,3,0,3,,,,608,3,57500.0,345000.0,43,2024
1,14,1,4,3,0,3,,,,608,3,57500.0,345000.0,43,2024
1,6,1,2,4,0,3,,,,608,1,57500.0,345000.0,43,2024
2,26,2,7,1,2,0,48.0,0.0,2.0,527,5,357500.0,715000.0,43,2024
1,31,2,4,1,3,0,44.0,0.0,1.0,527,4,357500.0,715000.0,43,2024
2,78,2,6,3,0,1,,,,1081,6,400000.0,400000.0,43,2024
2,46,2,4,1,2,0,49.0,0.0,2.0,605,4,185000.0,370000.0,43,2024
1,6,1,1,4,0,3,,,,605,7,185000.0,370000.0,43,2024
1,79,2,2,3,0,1,,,,626,1,160000.0,160000.0,43,2024
1,49,2,4,1,3,0,36.0,0.0,2.0,423,3,510000.0,1020000.0,43,2024
2,62,2,4,3,0,4,,,,423,3,510000.0,1020000.0,43,2024
2,67,2,4,1,3,0,10.0,5.0,1.0,722,4,157500.0,315000.0,43,2024
1,40,1,9,3,0,3,,,,722,1,157500.0,315000.0,43,2024
2,46,2,6,1,2,0,28.0,0.0,1.0,680,5,0.0,0.0,43,2024
1,48,2,2,3,0,4,,,,680,1,0.0,0.0,43,2024
1,8,1,2,4,0,3,,,,680,1,0.0,0.0,43,2024
1,7,1,2,4,0,3,,,,680,1,0.0,0.0,43,2024
2,33,2,4,3,0,4,,,,565,4,0.0,0.0,43,2024
1,40,2,4,1,3,0,72.0,0.0,2.0,565,4,0.0,0.0,43,2024
2,7,1,2,4,0,3,,,,565,1,0.0,0.0,43,2024
1,12,1,2,3,0,3,,,,565,1,0.0,0.0,43,2024
1,38,2,7,1,3,0,40.0,0.0,2.0,332,6,450000.0,900000.0,43,2024
2,35,2,7,1,3,0,0.0,0.0,2.0,332,6,450000.0,900000.0,43,2024
1,45,2,7,1,3,0,40.0,0.0,2.0,720,5,0.0,0.0,43,2024
2,47,2,8,1,3,0,48.0,0.0,2.0,720,6,0.0,0.0,43,2024
1,1,0,0,4,0,5,,,,720,7,0.0,0.0,43,2024
2,72,2,2,3,0,1,,,,1078,2,138333.33,415000.0,43,2024
1,66,2,2,1,2,0,48.0,0.0,2.0,1078,2,138333.33,415000.0,43,2024
2,91,2,2,3,0,7,,,,1078,2,138333.33,415000.0,43,2024
1,59,2,7,1,2,0,40.0,0.0,2.0,1014,5,0.0,0.0,43,2024
1,26,2,7,1,3,0,40.0,0.0,2.0,1014,5,0.0,0.0,43,2024
2,22,1,7,3,0,3,,,,1014,5,0.0,0.0,43,2024
2,78,2,7,3,0,1,,,,1206,6,0.0,0.0,43,2024
1,45,2,7,1,2,0,30.0,0.0,2.0,1206,6,0.0,0.0,43,2024
2,51,2,4,3,0,4,,,,491,4,0.0,0.0,43,2024
1,51,2,6,1,3,0,40.0,0.0,2.0,491,6,0.0,0.0,43,2024
1,22,1,7,1,3,0,40.0,0.0,2.0,491,5,0.0,0.0,43,2024
1,46,2,6,1,3,0,40.0,0.0,2.0,571,6,0.0,0.0,43,2024
2,11,1,2,3,0,3,,,,571,1,0.0,0.0,43,2024
2,36,2,4,3,0,7,,,,571,4,0.0,0.0,43,2024
1,53,1,9,1,2,0,36.0,0.0,2.0,640,1,0.0,0.0,43,2024
2,55,2,4,3,0,4,,,,640,3,0.0,0.0,43,2024
2,32,2,7,1,3,0,40.0,0.0,2.0,451,6,0.0,0.0,43,2024
1,36,2,7,1,3,0,40.0,0.0,2.0,451,6,0.0,0.0,43,2024
1,53,2,7,1,3,0,30.0,30.0,2.0,918,5,0.0,0.0,43,2024
2,50,2,7,3,0,2,,,,918,5,0.0,0.0,43,2024
2,25,1,7,3,0,3,,,,918,5,0.0,0.0,43,2024
1,19,1,7,3,0,3,,,,918,5,0.0,0.0,43,2024
2,27,2,4,1,2,0,36.0,0.0,1.0,680,3,0.0,0.0,43,2024
2,7,1,2,4,0,3,,,,680,1,0.0,0.0,43,2024
2,69,2,4,3,0,1,,,,1084,4,0.0,0.0,43,2024
1,64,2,7,1,2,0,24.0,0.0,1.0,584,6,0.0,0.0,43,2024
2,64,2,7,1,3,0,40.0,0.0,2.0,584,6,0.0,0.0,43,2024
2,24,1,7,1,3,0,24.0,0.0,2.0,584,5,0.0,0.0,43,2024
1,28,2,7,1,3,0,36.0,0.0,2.0,584,6,0.0,0.0,43,2024
1,46,2,7,1,3,0,40.0,15.0,2.0,825,6,1150000.0,1150000.0,43,2024
2,35,2,6,1,3,0,42.0,0.0,2.0,904,5,126666.67,380000.0,43,2024
1,13,1,4,3,0,3,,,,904,3,126666.67,380000.0,43,2024
1,7,1,2,4,0,3,,,,904,1,126666.67,380000.0,43,2024
2,60,2,4,1,3,0,30.0,0.0,2.0,435,4,0.0,0.0,43,2024
1,21,1,7,3,0,3,,,,435,5,0.0,0.0,43,2024
1,34,2,7,1,2,0,54.0,0.0,2.0,652,5,500000.0,1500000.0,43,2024
2,34,2,7,1,3,0,45.0,0.0,2.0,652,6,500000.0,1500000.0,43,2024
1,2,3,0,4,0,5,,,,652,7,500000.0,1500000.0,43,2024
2,86,2,2,3,0,1,,,,1128,2,0.0,0.0,43,2024
1,38,2,4,1,3,0,46.0,0.0,2.0,1128,4,0.0,0.0,43,2024
2,64,2,4,2,0,0,,,,300,4,160000.0,160000.0,43,2024
1,66,2,4,3,0,1,,,,745,3,0.0,0.0,43,2024
2,48,2,6,1,3,0,25.0,25.0,2.0,355,6,400000.0,800000.0,43,2024
1,27,1,7,3,0,3,,,,355,5,400000.0,800000.0,43,2024
1,34,2,4,1,2,0,44.0,0.0,2.0,1027,4,0.0,0.0,43,2024
2,30,2,7,1,2,0,40.0,0.0,2.0,1027,6,0.0,0.0,43,2024
2,55,2,2,2,3,0,,,,343,2,110000.0,220000.0,43,2024
1,24,2,5,2,2,0,,,,343,3,110000.0,220000.0,43,2024
1,28,2,4,1,3,0,48.0,0.0,2.0,603,4,550000.0,550000.0,43,2024
2,47,2,4,3,0,4,,,,515,4,0.0,0.0,43,2024
1,48,2,7,1,3,0,52.0,0.0,2.0,515,6,0.0,0.0,43,2024
1,5,1,1,4,0,5,,,,515,7,0.0,0.0,43,2024
2,63,2,4,3,0,1,,,,531,4,190000.0,190000.0,43,2024
2,56,2,6,1,3,0,0.0,0.0,2.0,1100,6,0.0,0.0,43,2024
1,60,2,7,1,1,0,60.0,0.0,2.0,1100,6,0.0,0.0,43,2024
2,15,1,4,3,0,3,,,,1100,3,0.0,0.0,43,2024
1,13,1,4,3,0,3,,,,1100,3,0.0,0.0,43,2024
2,63,2,2,1,3,0,5.0,4.0,1.0,467,2,238000.0,238000.0,43,2024
2,56,2,6,3,0,1,,,,972,6,0.0,0.0,43,2024
1,27,2,6,1,3,0,40.0,0.0,2.0,972,6,0.0,0.0,43,2024
2,23,1,7,1,3,0,48.0,0.0,1.0,450,5,0.0,0.0,43,2024
2,56,2,4,3,0,1,,,,874,4,0.0,0.0,43,2024
2,58,2,4,1,3,0,0.0,0.0,2.0,813,4,0.0,0.0,43,2024
2,29,2,7,3,0,4,,,,813,5,0.0,0.0,43,2024
2,45,2,7,1,3,0,40.0,0.0,2.0,1182,6,0.0,0.0,43,2024
1,13,1,4,3,0,3,,,,1182,3,0.0,0.0,43,2024
2,11,1,4,3,0,3,,,,1182,3,0.0,0.0,43,2024
2,9,1,2,4,0,3,,,,1182,1,0.0,0.0,43,2024
2,27,2,4,3,0,4,,,,573,3,0.0,0.0,43,2024
1,28,2,4,1,3,0,44.0,0.0,1.0,573,3,0.0,0.0,43,2024
1,9,1,2,4,0,3,,,,573,1,0.0,0.0,43,2024
2,2,3,0,4,0,5,,,,573,7,0.0,0.0,43,2024
2,39,2,6,1,3,0,35.0,0.0,2.0,659,6,0.0,0.0,43,2024
1,53,2,6,3,0,4,,,,659,6,0.0,0.0,43,2024
2,37,2,4,3,0,4,,,,377,4,65000.0,260000.0,43,2024
1,43,2,4,1,3,0,56.0,0.0,1.0,377,3,65000.0,260000.0,43,2024
1,16,1,4,3,0,3,,,,377,3,65000.0,260000.0,43,2024
1,16,1,4,3,0,3,,,,377,3,65000.0,260000.0,43,2024
2,63,2,7,3,0,1,,,,874,5,0.0,0.0,43,2024
1,26,2,4,1,3,0,45.0,0.0,2.0,619,4,500000.0,500000.0,43,2024
2,25,2,4,1,2,0,72.0,0.0,2.0,701,3,72000.0,360000.0,43,2024
1,7,1,2,4,0,3,,,,701,1,72000.0,360000.0,43,2024
1,6,1,1,4,0,3,,,,701,7,72000.0,360000.0,43,2024
1,4,1,1,4,0,5,,,,701,7,72000.0,360000.0,43,2024
2,3,3,0,4,0,5,,,,701,7,72000.0,360000.0,43,2024
2,29,2,4,3,0,4,,,,642,4,166666.67,500000.0,43,2024
1,30,2,4,1,3,0,48.0,0.0,2.0,642,4,166666.67,500000.0,43,2024
2,4,1,1,4,0,5,,,,642,7,166666.67,500000.0,43,2024
2,49,2,6,1,3,0,20.0,0.0,2.0,1010,6,380000.0,760000.0,43,2024
1,47,2,7,1,3,0,56.0,0.0,2.0,1010,6,380000.0,760000.0,43,2024
2,50,2,6,1,3,0,20.0,0.0,2.0,571,6,257500.0,1030000.0,43,2024
1,57,2,7,1,3,0,36.0,0.0,2.0,571,5,257500.0,1030000.0,43,2024
1,18,1,6,3,0,3,,,,571,5,257500.0,1030000.0,43,2024
2,16,1,4,3,0,3,,,,571,3,257500.0,1030000.0,43,2024
2,66,2,2,1,2,0,16.0,0.0,1.0,958,2,115000.0,230000.0,43,2024
1,69,2,2,3,0,1,,,,958,2,115000.0,230000.0,43,2024
1,32,2,4,1,3,0,48.0,0.0,2.0,623,4,575000.0,1150000.0,43,2024
2,36,2,4,1,3,0,44.0,0.0,2.0,623,4,575000.0,1150000.0,43,2024
2,89,2,2,3,0,1,,,,894,2,0.0,0.0,43,2024
1,93,2,2,3,0,1,,,,894,2,0.0,0.0,43,2024
2,60,2,4,3,0,1,,,,671,3,0.0,0.0,43,2024
1,57,2,4,1,1,0,49.0,0.0,2.0,671,3,0.0,0.0,43,2024
1,24,2,4,1,2,0,30.0,0.0,2.0,671,4,0.0,0.0,43,2024
1,27,2,4,1,3,0,30.0,0.0,1.0,671,4,0.0,0.0,43,2024
1,37,2,4,1,3,0,36.0,0.0,2.0,1254,4,183750.0,735000.0,43,2024
2,36,2,6,1,3,0,5.0,0.0,1.0,1254,6,183750.0,735000.0,43,2024
1,12,1,4,3,0,3,,,,1254,3,183750.0,735000.0,43,2024
2,10,1,2,3,0,3,,,,1254,1,183750.0,735000.0,43,2024
1,84,2,2,3,0,1,,,,723,2,247500.0,990000.0,43,2024
2,69,2,2,3,0,4,,,,723,2,247500.0,990000.0,43,2024
1,43,2,2,1,3,0,40.0,0.0,2.0,723,2,247500.0,990000.0,43,2024
1,47,2,4,1,3,0,48.0,0.0,2.0,723,3,247500.0,990000.0,43,2024
1,62,2,2,1,2,0,36.0,0.0,2.0,651,2,305000.0,610000.0,43,2024
1,33,2,2,1,2,0,36.0,0.0,1.0,651,2,305000.0,610000.0,43,2024
2,21,1,7,3,0,3,,,,604,5,220000.0,880000.0,43,2024
1,23,2,4,1,3,0,66.0,0.0,2.0,604,4,220000.0,880000.0,43,2024
1,54,2,7,1,2,0,30.0,24.0,1.0,1172,6,255000.0,510000.0,43,2024
2,55,2,4,1,2,0,24.0,0.0,2.0,1172,4,255000.0,510000.0,43,2024
1,28,2,6,1,3,0,40.0,0.0,2.0,571,6,0.0,0.0,43,2024
2,82,2,2,3,0,1,,,,779,2,0.0,0.0,43,2024
2,39,2,4,1,3,0,48.0,0.0,2.0,779,4,0.0,0.0,43,2024
2,44,2,6,1,3,0,60.0,0.0,2.0,336,6,475000.0,950000.0,43,2024
1,15,1,4,3,0,3,,,,336,3,475000.0,950000.0,43,2024
1,45,2,2,1,2,0,40.0,0.0,2.0,523,1,0.0,0.0,43,2024
2,47,2,2,2,0,0,,,,523,2,0.0,0.0,43,2024
1,25,2,4,1,3,0,40.0,0.0,1.0,523,3,0.0,0.0,43,2024
1,21,2,4,2,3,0,,,,523,3,0.0,0.0,43,2024
1,17,1,4,3,0,3,,,,523,3,0.0,0.0,43,2024
2,12,1,4,3,0,3,,,,523,3,0.0,0.0,43,2024
2,61,2,3,3,0,1,,,,368,2,0.0,0.0,43,2024
1,28,2,4,1,3,0,48.0,0.0,2.0,368,4,0.0,0.0,43,2024
1,31,2,4,1,2,0,44.0,0.0,2.0,458,4,100000.0,400000.0,43,2024
1,26,2,4,1,1,0,46.0,0.0,2.0,458,3,100000.0,400000.0,43,2024
2,22,2,4,3,0,7,,,,458,3,100000.0,400000.0,43,2024
1,3,1,1,4,0,5,,,,458,7,100000.0,400000.0,43,2024
2,56,2,2,1,3,0,84.0,21.0,2.0,508,2,119833.33,719000.0,43,2024
2,28,2,3,2,0,0,,,,508,3,119833.33,719000.0,43,2024
1,11,1,2,3,0,3,,,,508,1,119833.33,719000.0,43,2024
2,10,1,2,3,0,3,,,,508,1,119833.33,719000.0,43,2024
2,8,1,2,4,0,3,,,,508,1,119833.33,719000.0,43,2024
2,3,1,1,4,0,5,,,,508,7,119833.33,719000.0,43,2024
1,49,2,6,1,2,0,0.0,0.0,1.0,520,6,500000.0,2000000.0,43,2024
2,50,2,4,3,0,4,,,,520,4,500000.0,2000000.0,43,2024
1,19,2,6,1,2,0,30.0,0.0,2.0,520,6,500000.0,2000000.0,43,2024
2,23,1,6,3,0,3,,,,520,5,500000.0,2000000.0,43,2024
2,75,2,4,3,0,4,,,,819,4,0.0,0.0,43,2024
1,78,2,4,3,0,4,,,,819,4,0.0,0.0,43,2024
1,29,2,6,1,3,0,48.0,0.0,2.0,275,5,375000.0,375000.0,43,2024
1,52,2,4,1,1,0,48.0,0.0,2.0,797,4,200000.0,600000.0,43,2024
2,18,1,7,3,0,3,,,,797,5,200000.0,600000.0,43,2024
1,12,1,2,3,0,3,,,,797,1,200000.0,600000.0,43,2024
2,46,2,7,1,3,0,32.0,0.0,2.0,508,6,400000.0,400000.0,43,2024
2,45,2,6,1,3,0,48.0,0.0,2.0,604,5,220000.0,880000.0,43,2024
1,45,2,6,1,3,0,36.0,0.0,2.0,604,6,220000.0,880000.0,43,2024
1,25,2,6,1,3,0,40.0,0.0,2.0,615,5,630000.0,630000.0,43,2024
1,47,2,4,1,2,0,2.0,0.0,1.0,565,4,0.0,0.0,43,2024
2,53,2,4,1,3,0,24.0,0.0,1.0,565,4,0.0,0.0,43,2024
1,69,2,7,3,0,1,,,,1001,6,250000.0,500000.0,43,2024
2,68,2,4,3,0,1,,,,1001,4,250000.0,500000.0,43,2024
2,78,2,7,3,0,1,,,,1116,5,0.0,0.0,43,2024
2,51,2,7,1,3,0,40.0,0.0,2.0,1116,5,0.0,0.0,43,2024
1,15,1,4,3,0,3,,,,1116,3,0.0,0.0,43,2024
2,27,2,4,3,0,4,,,,621,4,100000.0,400000.0,43,2024
1,28,2,4,1,3,0,53.0,0.0,1.0,621,4,100000.0,400000.0,43,2024
2,6,1,2,4,0,3,,,,621,1,100000.0,400000.0,43,2024
2,2,3,0,4,0,5,,,,621,7,100000.0,400000.0,43,2024
2,44,2,7,1,3,0,0.0,0.0,2.0,577,6,0.0,0.0,43,2024
1,51,2,7,1,3,0,0.0,0.0,2.0,577,6,0.0,0.0,43,2024
2,74,2,7,3,0,1,,,,807,6,0.0,0.0,43,2024
1,34,1,7,1,3,0,72.0,0.0,2.0,498,5,750000.0,750000.0,43,2024
1,68,2,4,3,0,1,,,,539,3,113500.0,227000.0,43,2024
2,63,2,4,3,0,1,,,,539,3,113500.0,227000.0,43,2024
2,45,1,6,1,3,0,6.0,14.0,1.0,525,5,0.0,0.0,43,2024
1,17,1,4,3,0,3,,,,525,3,0.0,0.0,43,2024
1,20,1,7,3,0,3,,,,525,5,0.0,0.0,43,2024
2,52,2,7,1,3,0,0.0,0.0,2.0,516,6,442500.0,885000.0,43,2024
1,76,2,4,3,0,4,,,,516,4,442500.0,885000.0,43,2024
2,41,2,4,1,2,0,45.0,0.0,2.0,461,4,140000.0,420000.0,43,2024
1,23,1,4,1,3,0,44.0,0.0,2.0,461,3,140000.0,420000.0,43,2024
2,16,1,4,3,0,3,,,,461,3,140000.0,420000.0,43,2024
2,39,1,7,1,3,0,45.0,0.0,2.0,820,5,207500.0,830000.0,43,2024
1,43,2,7,1,3,0,40.0,0.0,2.0,820,5,207500.0,830000.0,43,2024
1,14,1,4,3,0,3,,,,820,3,207500.0,830000.0,43,2024
1,12,1,4,3,0,3,,,,820,3,207500.0,830000.0,43,2024
1,62,2,4,1,3,0,6.0,0.0,1.0,557,4,0.0,0.0,43,2024
2,61,2,4,1,3,0,6.0,0.0,2.0,557,4,0.0,0.0,43,2024
2,27,2,7,1,3,0,25.0,0.0,2.0,557,6,0.0,0.0,43,2024
2,63,2,2,3,0,1,,,,384,2,153333.33,460000.0,43,2024
1,64,2,4,3,0,1,,,,384,4,153333.33,460000.0,43,2024
1,26,2,5,1,3,0,36.0,0.0,2.0,384,4,153333.33,460000.0,43,2024
1,47,2,4,1,3,0,36.0,0.0,2.0,476,3,170000.0,680000.0,43,2024
2,42,2,4,1,3,0,14.0,3.0,2.0,476,4,170000.0,680000.0,43,2024
2,23,1,7,1,3,0,51.0,0.0,2.0,476,5,170000.0,680000.0,43,2024
2,12,1,2,3,0,3,,,,476,1,170000.0,680000.0,43,2024
1,42,2,2,1,2,0,72.0,0.0,2.0,679,2,0.0,0.0,43,2024
1,59,2,4,1,2,0,20.0,0.0,1.0,357,3,0.0,0.0,43,2024
2,58,2,6,1,3,0,40.0,0.0,2.0,357,6,0.0,0.0,43,2024
1,28,1,7,1,3,0,48.0,0.0,2.0,357,5,0.0,0.0,43,2024
1,70,2,4,1,2,0,13.0,0.0,1.0,701,3,0.0,0.0,43,2024
2,65,2,2,3,0,1,,,,701,2,0.0,0.0,43,2024
1,38,2,4,1,3,0,48.0,0.0,2.0,701,4,0.0,0.0,43,2024
2,35,2,4,1,3,0,44.0,0.0,2.0,701,4,0.0,0.0,43,2024
2,65,2,4,3,0,1,,,,1080,4,288000.0,288000.0,43,2024
1,76,2,4,3,0,1,,,,1413,3,170000.0,340000.0,43,2024
2,73,2,4,3,0,1,,,,1413,3,170000.0,340000.0,43,2024
2,57,2,4,1,1,0,48.0,0.0,2.0,608,4,350000.0,700000.0,43,2024
1,50,2,4,1,3,0,48.0,0.0,2.0,608,4,350000.0,700000.0,43,2024
2,34,2,6,1,3,0,25.0,0.0,2.0,722,6,130000.0,650000.0,43,2024
1,30,2,4,1,3,0,20.0,0.0,2.0,722,4,130000.0,650000.0,43,2024
1,2,3,0,4,0,5,,,,722,7,130000.0,650000.0,43,2024
2,9,1,2,4,0,3,,,,722,1,130000.0,650000.0,43,2024
1,13,1,4,3,0,3,,,,722,3,130000.0,650000.0,43,2024
1,39,2,7,1,3,0,30.0,24.0,2.0,908,6,408333.33,1225000.0,43,2024
1,65,2,4,1,2,0,40.0,0.0,2.0,908,4,408333.33,1225000.0,43,2024
2,73,2,7,3,0,1,,,,908,6,408333.33,1225000.0,43,2024
1,58,2,7,3,0,1,,,,686,5,0.0,0.0,43,2024
2,53,2,2,1,3,0,56.0,0.0,2.0,686,2,0.0,0.0,43,2024
2,77,2,6,3,0,1,,,,1074,6,200000.0,200000.0,43,2024
2,63,2,4,3,0,4,,,,547,4,0.0,0.0,43,2024
1,63,2,4,1,2,0,40.0,0.0,2.0,547,4,0.0,0.0,43,2024
2,36,2,6,1,2,0,40.0,0.0,2.0,547,6,0.0,0.0,43,2024
2,26,2,6,1,2,0,40.0,0.0,2.0,547,6,0.0,0.0,43,2024
1,59,2,6,1,2,0,40.0,0.0,1.0,725,6,0.0,0.0,43,2024
2,56,2,4,1,2,0,40.0,0.0,1.0,725,4,0.0,0.0,43,2024
2,36,2,4,3,0,4,,,,984,3,97500.0,390000.0,43,2024
1,49,2,4,1,2,0,35.0,0.0,2.0,984,3,97500.0,390000.0,43,2024
1,9,1,2,4,0,3,,,,984,1,97500.0,390000.0,43,2024
2,10,1,2,3,0,3,,,,984,1,97500.0,390000.0,43,2024
2,32,2,6,1,1,0,48.0,0.0,2.0,911,6,0.0,0.0,43,2024
1,36,2,6,1,1,0,48.0,0.0,2.0,911,6,0.0,0.0,43,2024
1,9,1,2,4,0,3,,,,911,1,0.0,0.0,43,2024
1,3,1,1,4,0,5,,,,911,7,0.0,0.0,43,2024
1,42,2,2,1,3,0,60.0,0.0,2.0,484,2,300000.0,300000.0,43,2024
2,31,2,6,1,3,0,45.0,0.0,2.0,416,6,560000.0,1120000.0,43,2024
1,31,2,7,1,2,0,31.0,0.0,1.0,416,6,560000.0,1120000.0,43,2024
2,83,2,2,3,0,4,,,,783,2,0.0,0.0,43,2024
1,71,2,6,1,2,0,42.0,0.0,1.0,783,6,0.0,0.0,43,2024
1,67,2,4,1,3,0,60.0,0.0,2.0,783,4,0.0,0.0,43,2024
2,51,2,4,1,3,0,50.0,0.0,2.0,380,4,222500.0,445000.0,43,2024
2,16,1,4,3,0,3,,,,380,3,222500.0,445000.0,43,2024
1,42,2,7,1,3,0,48.0,0.0,2.0,772,6,150000.0,600000.0,43,2024
2,44,2,7,2,2,0,,,,772,6,150000.0,600000.0,43,2024
1,15,1,4,3,0,3,,,,772,3,150000.0,600000.0,43,2024
2,11,1,2,3,0,3,,,,772,1,150000.0,600000.0,43,2024
2,66,2,2,2,0,0,,,,1004,2,0.0,0.0,43,2024
1,31,2,4,3,0,4,,,,1004,3,0.0,0.0,43,2024
2,34,2,4,1,2,0,48.0,0.0,2.0,476,4,135000.0,270000.0,43,2024
2,12,1,2,3,0,3,,,,476,1,135000.0,270000.0,43,2024
1,52,2,4,1,2,0,43.0,0.0,2.0,435,4,200000.0,400000.0,43,2024
2,15,1,4,3,0,3,,,,435,3,200000.0,400000.0,43,2024
2,80,2,2,3,0,4,,,,1072,2,160700.0,160700.0,43,2024
1,43,2,4,1,3,0,42.0,0.0,2.0,891,4,75000.0,300000.0,43,2024
2,41,2,4,3,0,4,,,,891,4,75000.0,300000.0,43,2024
1,8,1,2,4,0,3,,,,891,1,75000.0,300000.0,43,2024
1,13,1,4,3,0,3,,,,891,3,75000.0,300000.0,43,2024
1,47,2,2,1,3,0,30.0,0.0,2.0,756,2,0.0,0.0,43,2024
2,41,2,2,1,3,0,48.0,0.0,2.0,756,2,0.0,0.0,43,2024
1,19,2,4,3,0,7,,,,756,4,0.0,0.0,43,2024
1,17,1,4,1,3,0,40.0,0.0,2.0,756,3,0.0,0.0,43,2024
2,14,1,4,3,0,3,,,,756,3,0.0,0.0,43,2024
1,2,1,1,4,0,5,,,,756,7,0.0,0.0,43,2024
2,19,2,4,3,0,4,,,,756,4,0.0,0.0,43,2024
1,45,2,7,1,3,0,30.0,30.0,2.0,580,6,0.0,0.0,43,2024
2,52,2,7,1,3,0,40.0,20.0,2.0,580,6,0.0,0.0,43,2024
1,18,2,4,3,0,4,,,,580,4,0.0,0.0,43,2024
1,40,2,4,1,2,0,48.0,0.0,2.0,651,4,0.0,0.0,43,2024
1,71,2,4,3,0,1,,,,854,4,224000.0,224000.0,43,2024
1,40,2,4,1,3,0,25.0,0.0,1.0,671,4,0.0,0.0,43,2024
2,39,2,6,1,3,0,48.0,0.0,2.0,671,6,0.0,0.0,43,2024
1,3,1,1,4,0,5,,,,671,7,0.0,0.0,43,2024
1,6,1,2,4,0,3,,,,671,1,0.0,0.0,43,2024
2,52,1,4,1,2,0,8.0,0.0,1.0,735,3,85000.0,170000.0,43,2024
1,10,1,2,3,0,3,,,,735,1,85000.0,170000.0,43,2024
2,42,2,4,1,3,0,7.0,14.0,1.0,738,4,312500.0,625000.0,43,2024
2,10,1,2,3,0,3,,,,738,1,312500.0,625000.0,43,2024
2,81,2,2,3,0,4,,,,1076,2,0.0,0.0,43,2024
1,63,2,4,3,0,1,,,,643,3,0.0,0.0,43,2024
2,62,2,4,3,0,4,,,,643,3,0.0,0.0,43,2024
1,29,2,6,1,3,0,48.0,2.0,2.0,643,6,0.0,0.0,43,2024
1,24,2,4,1,3,0,36.0,0.0,2.0,517,4,233333.33,700000.0,43,2024
2,22,1,4,3,0,3,,,,517,3,233333.33,700000.0,43,2024
1,1,0,0,4,0,5,,,,517,7,233333.33,700000.0,43,2024
1,35,2,4,1,1,0,40.0,0.0,2.0,572,4,0.0,0.0,43,2024
2,24,2,4,1,3,0,40.0,0.0,2.0,572,4,0.0,0.0,43,2024
1,57,2,2,2,3,0,,,,419,2,200000.0,600000.0,43,2024
2,52,2,2,1,3,0,48.0,0.0,2.0,419,2,200000.0,600000.0,43,2024
1,20,1,7,3,0,3,,,,419,5,200000.0,600000.0,43,2024
1,6,1,2,4,0,3,,,,790,1,0.0,0.0,43,2024
1,39,2,4,1,2,0,30.0,10.0,1.0,510,4,0.0,0.0,43,2024
2,42,2,4,1,3,0,20.0,0.0,2.0,510,4,0.0,0.0,43,2024
2,13,1,4,3,0,3,,,,510,3,0.0,0.0,43,2024
1,46,2,6,1,2,0,70.0,0.0,2.0,911,6,187500.0,750000.0,43,2024
2,45,2,6,1,3,0,49.0,0.0,2.0,911,6,187500.0,750000.0,43,2024
1,7,1,2,4,0,3,,,,911,1,187500.0,750000.0,43,2024
1,13,1,4,3,0,3,,,,911,3,187500.0,750000.0,43,2024
1,47,2,4,1,2,0,40.0,0.0,2.0,718,4,0.0,0.0,43,2024
1,48,2,2,1,2,0,48.0,0.0,2.0,653,2,62500.0,250000.0,43,2024
2,45,2,4,1,2,0,36.0,0.0,2.0,653,3,62500.0,250000.0,43,2024
1,11,1,2,3,0,3,,,,653,1,62500.0,250000.0,43,2024
2,12,1,4,3,0,3,,,,653,3,62500.0,250000.0,43,2024
1,65,2,7,1,2,0,70.0,0.0,2.0,459,5,0.0,0.0,43,2024
2,55,2,4,3,0,4,,,,459,4,0.0,0.0,43,2024
2,22,1,7,3,0,3,,,,459,5,0.0,0.0,43,2024
1,17,1,4,3,0,3,,,,459,3,0.0,0.0,43,2024
2,51,2,4,1,3,0,40.0,0.0,2.0,482,3,0.0,0.0,43,2024
1,27,1,6,1,2,0,40.0,25.0,2.0,482,5,0.0,0.0,43,2024
2,26,2,4,1,3,0,8.0,4.0,2.0,482,3,0.0,0.0,43,2024
2,23,2,4,1,3,0,12.0,6.0,2.0,482,4,0.0,0.0,43,2024
2,18,2,4,3,0,4,,,,482,4,0.0,0.0,43,2024
2,67,2,4,1,3,0,30.0,0.0,2.0,1110,4,255000.0,510000.0,43,2024
1,69,2,4,3,0,1,,,,1110,4,255000.0,510000.0,43,2024
2,40,2,7,1,2,0,30.0,0.0,2.0,790,6,0.0,0.0,43,2024
1,39,2,4,1,2,0,54.0,0.0,2.0,790,4,0.0,0.0,43,2024
1,53,2,4,1,2,0,72.0,0.0,1.0,571,4,0.0,0.0,43,2024
2,35,2,4,3,0,4,,,,571,3,0.0,0.0,43,2024
1,16,1,4,1,3,0,8.0,0.0,2.0,571,3,0.0,0.0,43,2024
1,11,1,4,3,0,3,,,,571,3,0.0,0.0,43,2024
1,59,2,2,3,0,4,,,,507,1,0.0,0.0,43,2024
2,50,2,2,1,3,0,48.0,0.0,2.0,507,1,0.0,0.0,43,2024
2,24,2,2,1,3,0,48.0,0.0,1.0,507,2,0.0,0.0,43,2024
2,19,2,4,1,3,0,12.0,0.0,1.0,507,4,0.0,0.0,43,2024
1,23,2,4,1,3,0,48.0,0.0,1.0,507,3,0.0,0.0,43,2024
1,7,1,2,4,0,3,,,,507,1,0.0,0.0,43,2024
1,29,1,6,1,3,0,48.0,0.0,1.0,513,5,140000.0,280000.0,43,2024
2,27,1,6,2,3,0,,,,513,5,140000.0,280000.0,43,2024
2,38,2,4,3,0,4,,,,1371,4,100000.0,300000.0,43,2024
1,41,2,4,1,3,0,48.0,0.0,2.0,1371,4,100000.0,300000.0,43,2024
2,7,1,2,4,0,3,,,,1371,1,100000.0,300000.0,43,2024
1,69,2,7,3,0,1,,,,1112,5,0.0,0.0,43,2024
2,70,2,7,3,0,1,,,,1112,6,0.0,0.0,43,2024
2,78,2,2,3,0,1,,,,1188,2,230000.0,230000.0,43,2024
1,52,2,7,1,3,0,0.0,0.0,2.0,363,5,500000.0,1500000.0,43,2024
2,57,2,7,1,2,0,20.0,0.0,1.0,363,6,500000.0,1500000.0,43,2024
1,21,1,7,2,0,0,,,,363,5,500000.0,1500000.0,43,2024
2,85,2,4,3,0,1,,,,323,3,0.0,0.0,43,2024
2,65,2,8,1,3,0,44.0,0.0,2.0,790,6,0.0,0.0,43,2024
2,36,2,4,1,3,0,44.0,0.0,2.0,790,4,0.0,0.0,43,2024
1,74,2,2,3,0,1,,,,835,2,222000.0,222000.0,43,2024
1,49,2,7,1,3,0,40.0,0.0,2.0,880,5,0.0,0.0,43,2024
2,49,2,7,1,3,0,40.0,0.0,2.0,880,6,0.0,0.0,43,2024
1,23,1,7,3,0,3,,,,880,5,0.0,0.0,43,2024
2,18,2,1,3,0,7,,,,880,7,0.0,0.0,43,2024
1,54,2,7,1,2,0,48.0,0.0,2.0,1259,6,0.0,0.0,43,2024
1,48,2,4,1,3,0,72.0,0.0,2.0,468,4,233333.33,700000.0,43,2024
2,39,2,4,2,3,0,,,,468,4,233333.33,700000.0,43,2024
2,8,1,2,4,0,3,,,,468,1,233333.33,700000.0,43,2024
1,39,2,3,1,3,0,40.0,0.0,1.0,704,3,50000.0,200000.0,43,2024
2,40,2,3,3,0,4,,,,704,2,50000.0,200000.0,43,2024
2,16,1,4,3,0,3,,,,704,3,50000.0,200000.0,43,2024
2,9,1,2,4,0,3,,,,704,1,50000.0,200000.0,43,2024
2,40,2,2,1,3,0,48.0,0.0,2.0,609,1,0.0,0.0,43,2024
1,36,2,4,1,3,0,0.0,0.0,2.0,609,3,0.0,0.0,43,2024
2,21,2,4,2,3,0,,,,609,4,0.0,0.0,43,2024
1,19,2,4,1,3,0,30.0,0.0,1.0,609,4,0.0,0.0,43,2024
1,61,2,4,1,3,0,48.0,0.0,2.0,314,4,116666.67,350000.0,43,2024
2,57,2,4,3,0,4,,,,314,4,116666.67,350000.0,43,2024
2,19,1,7,3,0,3,,,,314,5,116666.67,350000.0,43,2024
1,64,2,4,1,2,0,12.0,0.0,1.0,758,4,60000.0,60000.0,43,2024
2,60,2,2,1,3,0,9.0,0.0,1.0,382,2,0.0,0.0,43,2024
1,23,2,4,2,3,0,,,,382,4,0.0,0.0,43,2024
2,24,2,4,2,3,0,,,,382,4,0.0,0.0,43,2024
